rank	word	kind	disposition	confidence	shipped	spelling	today_us	us	gb	verdict_us	held	sources
1	atorvastatin	generic	corrected	high	yes	atorvastatin	ˌAtəɹvˈæstAtɪn	ətˌɔɹvəstˈætᵊn	ətˌɔːvəstˈatᵊn	wrong		MedlinePlus (ASHP); Wiktionary; Dictionary.com (Random House; British from Collins); Merriam-Webster (Medical)
2	sodium	generic	already-correct	high		sodium	sˈOdiəm	sˈOdiəm	sˈQdɪəm	right		MedlinePlus (ASHP); Wiktionary
3	levothyroxine	generic	corrected	high	yes	levothyroxine	lˌɛvəθˈIɹɑksin	lˌivOθIɹˈɑksin	lˌiːvQθIɹˈɒksiːn	wrong		MedlinePlus (ASHP); Wiktionary
4	amlodipine	generic	corrected	high	yes	amlodipine	æmlˈɑdəpˌIn	æmlˈOdəpˌin	amlˈQdɪpˌiːn	wrong		MedlinePlus (ASHP); Wiktionary
5	metformin	generic	corrected	high	yes	metformin	mˈɛtfˌɔɹmɪn	mɛtfˈɔɹmɪn	mɛtfˈɔːmɪn	partial		MedlinePlus (ASHP); Wiktionary; Merriam-Webster
6	lisinopril	generic	corrected	high	yes	lisinopril	lˈɪzənəpɹɪl	lIsˈɪnəpɹˌɪl	lIsˈɪnəpɹˌɪl	wrong		MedlinePlus (ASHP); Wiktionary; Merriam-Webster
7	calcium	generic	already-correct	high		calcium	kˈælsiəm	kˈælsiəm	kˈalsɪəm	right		MedlinePlus (ASHP); Wiktionary
8	losartan	generic	corrected	high	yes	losartan	ləsˈɑɹtən	lOsˈɑɹtˌæn	lQsˈɑːtˌan	wrong		MedlinePlus (ASHP); Wiktionary; Merriam-Webster
9	metoprolol	generic	corrected	medium	yes	metoprolol	mətˈɑpɹəlɑl	mətˈOpɹəlˌɔl	mɪtˈɒpɹəlɒl	wrong		MedlinePlus (ASHP); Wiktionary; Merriam-Webster; Dictionary.com (Random House; British from Collins)
10	albuterol	generic	already-correct	high		albuterol	ælbjˈuTəɹˌɔl	ælbjˈuTəɹˌɔl	albjˈuːtəɹɒl	right		MedlinePlus (ASHP); Wiktionary; Merriam-Webster
11	hydrochlorothiazide	generic	corrected	high	yes	hydrochlorothiazide	hˌIdɹOklˈɔɹəθiəzˌId	hˌIdɹOklˌɔɹəθˈIəzˌId	hˌIdɹQklˌɔːɹəθˈIəzˌId	partial		MedlinePlus (ASHP); Wiktionary; Dictionary.com (Random House; British from Collins)
12	gabapentin	generic	corrected	high	yes	gabapentin	ɡˌɑbəpˈɛntɪn	ɡˈæbəpˌɛntɪn	ɡˌabəpˈɛntɪn	partial		MedlinePlus (ASHP); Wiktionary; Merriam-Webster; Dictionary.com (Random House; British from Collins)
13	potassium	generic	already-correct	high		potassium	pətˈæsiəm	pətˈæsiəm	pətˈasɪəm	right		MedlinePlus (ASHP); Wiktionary
14	omeprazole	generic	corrected	high	yes	omeprazole	ˈOmpɹəzˌOl	OmˈɛpɹəzˌOl	QmˈɛpɹəzˌQl	partial		MedlinePlus (ASHP); Wiktionary; Merriam-Webster; Dictionary.com (Random House; British from Collins)
15	rosuvastatin	generic	corrected	high	yes	rosuvastatin	ɹˌOsəvˈæstAtɪn	ɹOsˈuvəstˌætᵊn	ɹQsˈuːvəstˌatᵊn	wrong		MedlinePlus (ASHP); Wiktionary; Merriam-Webster
16	dextroamphetamine	generic	corrected	high	yes	dextroamphetamine	dɛkstɹˈOmfətəmˌin	dˌɛkstɹOæmfˈɛtəmˌin	dˌɛkstɹQamfˈɛtəmˌiːn	wrong		MedlinePlus (ASHP); Wiktionary; Merriam-Webster
17	acetaminophen	generic	already-correct	medium		acetaminophen	əsˌiTəmˈɪnəfən	əsˌiTəmˈɪnəfən	əsˌiːtəmˈɪnəfɛn	right		MedlinePlus (ASHP); Wiktionary; Merriam-Webster; Dictionary.com (Random House; British from Collins)
18	insulin	generic	already-correct	high		insulin	ˈɪnsələn	ˈɪnsələn	ˈɪnsjʊlɪn	right		MedlinePlus (ASHP); Wiktionary
19	amphetamine	generic	corrected	high	yes	amphetamine	æmpfˈɛTəmˌin	æmfˈɛtəmˌin	amfˈɛtəmiːn	partial		MedlinePlus (ASHP); Wiktionary; Merriam-Webster; Dictionary.com (Random House; British from Collins)
20	amoxicillin	generic	already-correct	high		amoxicillin	əmˌɑksəsˈɪlɪn	əmˌɑksəsˈɪlɪn	əmˌɒksɪsˈɪlɪn	right		MedlinePlus (ASHP); Wiktionary
21	sertraline	generic	corrected	high	yes	sertraline	sˈɜɹtɹəlˌIn	sˈɜɹtɹəlˌin	sˈɜːtɹəlˌiːn	partial		MedlinePlus (ASHP); Wiktionary
22	fluticasone	generic	corrected	high	yes	fluticasone	flˈutəkəsˌOn	flutˈɪkəsˌOn	fluːtˈɪkəsˌQn	partial		MedlinePlus (ASHP); Merriam-Webster
23	pantoprazole	generic	corrected	high	yes	pantoprazole	pˈæntəpɹˌæzˌOl	pæntˈOpɹəzˌOl	pantˈQpɹəzˌQl	wrong		MedlinePlus (ASHP); Wiktionary
24	sulfate	generic	already-correct	high		sulfate	sˈʌlfˌAt	sˈʌlfˌAt	sˈʌlfAt	right		MedlinePlus (ASHP); Wiktionary
25	sulfate	salt	already-correct	high		sulfate	sˈʌlfˌAt	sˈʌlfˌAt	sˈʌlfAt	right		MedlinePlus (ASHP); Wiktionary
26	besylate	salt	corrected	high	yes	besylate	bˈɛzəlˌAt	bˈɛsəlˌAt	bˈɛsəlˌAt	partial		Wiktionary; Merriam-Webster
27	escitalopram	generic	already-correct	high		escitalopram	ˌɛsətˈæləpɹˌæm	ˌɛsətˈæləpɹˌæm	ˌɛsətˈaləpɹˌam	right		MedlinePlus (ASHP); Wiktionary; Merriam-Webster
28	semaglutide	generic	already-correct	high		semaglutide	sˌɛməɡlˈutˌId	sˌɛməɡlˈutˌId	sˌɛməɡlˈuːtˌId	right		MedlinePlus (ASHP); Wiktionary
29	estradiol	generic	corrected	high	yes	estradiol	ˌɛstɹədˈIɔl	ˌɛstɹədˈIɔl	ˌɛstɹədˈIɒl	right		MedlinePlus (ASHP); Wiktionary; Wiktionary (oestradiol); Dictionary.com (Random House; British from Collins)
30	trazodone	generic	corrected	medium	yes	trazodone	tɹɑzOdˈOni	tɹˈæzədˌOn	tɹˈazədˌQn	wrong		MedlinePlus (ASHP); Wiktionary; Merriam-Webster; Dictionary.com (Random House; British from Collins)
31	bupropion	generic	corrected	high	yes	bupropion	bjupɹˈOpiən	bjupɹˈOpiˌɑn	bjuːpɹˈQpɪən	partial		MedlinePlus (ASHP); Wiktionary; Merriam-Webster; Dictionary.com (Random House; British from Collins)
32	apixaban	generic	already-correct	high		apixaban	əpˈɪksəbˌæn	əpˈɪksəbˌæn	əpˈɪksəbˌan	right		MedlinePlus (ASHP); Merriam-Webster
33	furosemide	generic	corrected	medium	yes	furosemide	fjʊɹˈOsəmˌId	fjʊɹˈOsəmˌId	fjʊɹˈQsəmˌId	right		MedlinePlus (ASHP); Wiktionary; Merriam-Webster; Dictionary.com (Random House; British from Collins)
34	tamsulosin	generic	corrected	high	yes	tamsulosin	tˈæmsəlˌOsən	tæmsˈuləsɪn	tamsˈuːləsɪn	wrong		MedlinePlus (ASHP); Wiktionary; Merriam-Webster
35	oxycodone	generic	already-correct	high		oxycodone	ˌɑksikˈOdˌOn	ˌɑksikˈOdˌOn	ˌɒksɪkˈQdQn	right		MedlinePlus (ASHP); Wiktionary
36	montelukast	generic	corrected	high	yes	montelukast	mˌɑntɪlˈukəst	mˌɑntəlˈukˌæst	mˌɒntəlˈuːkˌast	wrong		MedlinePlus (ASHP); Wiktionary; Merriam-Webster; Dictionary.com (Random House; British from Collins)
37	hydrocodone	generic	corrected	high	yes	hydrocodone	hˈIdɹOkOdˌOni	hˌIdɹOkˈOdˌOn	hˌIdɹQkˈQdˌQn	partial		MedlinePlus (ASHP); Wiktionary; Dictionary.com (Random House; British from Collins)
38	chloride	generic	already-correct	high		chloride	klˈɔɹˌId	klˈɔɹˌId	klˈɔːɹId	right		MedlinePlus (ASHP); Wiktionary
39	succinate	salt	already-correct	high		succinate	sˈʌksənˌAt	sˈʌksənˌAt	sˈʌksɪnAt	right		Merriam-Webster; Dictionary.com (Random House; British from Collins)
40	fluoxetine	generic	already-correct	high		fluoxetine	fluˈɑksətˌin	fluˈɑksətˌin	fluːˈɒksɪtiːn	right		MedlinePlus (ASHP); Wiktionary
41	prednisone	generic	corrected	high	yes	prednisone	pɹˈɛdnəzˌOn	pɹˈɛdnəsˌOn	pɹˈɛdnɪsˌQn	partial		MedlinePlus (ASHP); Wiktionary; Merriam-Webster; Dictionary.com (Random House; British from Collins)
42	ibuprofen	generic	already-correct	medium		ibuprofen	ˌIbjupɹˈOfən	ˌIbjupɹˈOfən	ˌIbjuːpɹˈQfᵊn	right		MedlinePlus (ASHP); Wiktionary; Merriam-Webster; Dictionary.com (Random House; British from Collins)
43	simvastatin	generic	corrected	high	yes	simvastatin	sˈɪmvəstˌAtɪn	sˈɪmvəstˌætᵊn	sˈɪmvəstˌatᵊn	wrong		MedlinePlus (ASHP); Wiktionary; Merriam-Webster; Dictionary.com (Random House; British from Collins)
44	famotidine	generic	corrected	high	yes	famotidine	fəmˈɑtədˌin	fəmˈOtɪdˌin	fəmˈQtɪdˌiːn	wrong		MedlinePlus (ASHP); Wiktionary; Merriam-Webster
45	aspartate	salt	already-correct	high		aspartate	əspˈɑɹtˌAt	əspˈɑɹtˌAt	əspˈɑːtAt	right		Wiktionary; Merriam-Webster; Dictionary.com (Random House; British from Collins)
46	saccharate	generic	already-correct	high		saccharate	sˈækəɹˌAt	sˈækəɹˌAt	sˈakəɹˌAt	right		Merriam-Webster; Dictionary.com (Random House; British from Collins)
47	empagliflozin	generic	corrected	high	yes	empagliflozin	ɛmpˈæɡləflˌOzɪn	ˌɛmpəɡlɪflˈOzɪn	ˌɛmpəɡlɪflˈQzɪn	wrong		MedlinePlus (ASHP); Wiktionary
48	glargine	generic	corrected	high	yes	glargine	ɡlˈɑɹʤən	ɡlˈɑɹʤˌin	ɡlˈɑːʤˌiːn	partial		MedlinePlus (ASHP); Merriam-Webster; Wiktionary
49	duloxetine	generic	corrected	high	yes	duloxetine	djulˈɑksətˌin	dulˈɑksətˌin	djulˈɒksətˌiːn	partial		MedlinePlus (ASHP); Wiktionary; Merriam-Webster
50	meloxicam	generic	corrected	high	yes	meloxicam	məlˈɑksɪkəm	məlˈɑksɪkˌæm	məlˈɒksɪkˌam	partial		MedlinePlus (ASHP); Wiktionary
51	carvedilol	generic	corrected	high	yes	carvedilol	kɑɹvˈɛdələl	kˈɑɹvədˌɪlɔl	kˈɑːvədˌɪlɒl	wrong		MedlinePlus (ASHP); Wiktionary; Merriam-Webster
52	tartrate	salt	already-correct	high		tartrate	tˈɑɹtɹˌAt	tˈɑɹtɹˌAt	tˈɑːtɹAt	right		American Heritage Dictionary; Dictionary.com
53	ethinyl	generic	already-correct	high		ethinyl	ˈɛθɪnəl	ˈɛθɪnəl	ˈɛθɪnəl	right		MedlinePlus (ASHP); MedlinePlus (ASHP)
54	ondansetron	generic	already-correct	high		ondansetron	ɑndˈænsətɹɑn	ɑndˈænsətɹɑn	ɒndˈansətɹɒn	right		MedlinePlus (ASHP); Wiktionary; American Heritage Dictionary
55	tramadol	generic	corrected	medium	yes	tramadol	tɹˈæmədˌɔl	tɹˈæmədˌɔl	tɹˈamədɒl	right		MedlinePlus (ASHP); Wiktionary; Merriam-Webster; American Heritage Dictionary; Dictionary.com; Wikipedia
56	hydroxyzine	generic	corrected	high	yes	hydroxyzine	hˌIdɹˈɔksizˌin	hIdɹˈɑksəzˌin	hIdɹˈɒksɪzˌiːn	wrong		MedlinePlus (ASHP); Wiktionary; American Heritage Dictionary
57	buspirone	generic	corrected	high	yes	buspirone	buspɪɹˈOni	bjuspˈIɹˌOn	bjuːspˈIɹˌQn	wrong		MedlinePlus (ASHP); Wiktionary; American Heritage Dictionary
58	clopidogrel	generic	corrected	high	yes	clopidogrel	klˈɑpɪdˌɔɡɹəl	klOpˈɪdəɡɹˌɛl	klQpˈɪdəɡɹɛl	wrong		MedlinePlus (ASHP); Wiktionary; American Heritage Dictionary
59	propionate	salt	already-correct	high		propionate	pɹˈOpiənˌAt	pɹˈOpiənˌAt	pɹˈQpɪənAt	right		American Heritage Dictionary
60	alprazolam	generic	already-correct	high		alprazolam	ælpɹˈAzəlˌæm	ælpɹˈAzəlˌæm	alpɹˈAzəlam	right		MedlinePlus (ASHP); American Heritage Dictionary; Wiktionary; Merriam-Webster; Dictionary.com; NCI Dictionary of Cancer Terms
61	cetirizine	generic	corrected	high	yes	cetirizine	sˈɛtəɹˌIzˌin	sətˈɪɹəzˌin	sətˈɪɹɪzˌiːn	wrong		MedlinePlus (ASHP); Wiktionary; American Heritage Dictionary; Dictionary.com
62	azithromycin	generic	already-correct	high		azithromycin	əzˌɪθɹəmˈIsən	əzˌɪθɹəmˈIsən	əzˌɪθɹəmˈIsən	right		MedlinePlus (ASHP); Wiktionary; American Heritage Dictionary
63	valsartan	generic	corrected	high	yes	valsartan	vɔlsˈɑɹtən	vælsˈɑɹtˌæn	valsˈɑːtˌan	wrong		MedlinePlus (ASHP); Wiktionary
64	eliquis	brand	corrected	high	yes	Eliquis	ɪlˈɪkwɪ	ˈɛləkwɪs		wrong		DailyMed label (E.R. Squibb & Sons), Medication Guide
65	cyclobenzaprine	generic	corrected	high	yes	cyclobenzaprine	sˌIkləbˈɛnzəpɹˌin	sˌIklObˈɛnzəpɹˌin	sˌIklQbˈɛnzəpɹˌiːn	partial		MedlinePlus (ASHP); American Heritage Dictionary; Dictionary.com
66	venlafaxine	generic	already-correct	high		venlafaxine	vˌɛnləfˈæksin	vˌɛnləfˈæksin	vˌɛnləfˈaksin	right		MedlinePlus (ASHP); Wiktionary; American Heritage Dictionary; Dictionary.com; NCI Dictionary of Cancer Terms
67	allopurinol	generic	already-correct	high		allopurinol	ˌælOpjˈʊɹinɑl	ˌælOpjˈʊɹinɑl	ˌalQpjˈʊəɹɪnɒl	right		MedlinePlus (ASHP); Wiktionary; American Heritage Dictionary; Dictionary.com
68	fumarate	salt	corrected	high	yes	fumarate	fˈuməɹˌAt	fjˈuməɹˌAt	fjˈuːməɹAt	partial		MedlinePlus (ASHP); American Heritage Dictionary
69	methylphenidate	generic	already-correct	high		methylphenidate	mˌɛθəlfˈɛnədAt	mˌɛθəlfˈɛnədAt	mˌiːθIlfˈɛnɪdAt	right		MedlinePlus (ASHP); Wiktionary
70	spironolactone	generic	already-correct	high		spironolactone	spˌIɹənOlˈæktOn	spˌIɹənOlˈæktOn	spˌIɹənQlˈaktQn	right		MedlinePlus (ASHP); Wiktionary; American Heritage Dictionary; Dictionary.com
71	tirzepatide	generic	corrected	high	yes	tirzepatide	tˈɜɹzˌɛpətˌId	təɹzˈɛpətˌId	təzˈɛpətˌId	partial		MedlinePlus (ASHP); Wiktionary
72	clonazepam	generic	corrected	high	yes	clonazepam	klˈOnəzpˌæm	klOnˈæzəpˌæm	klQnˈAzɪpam	wrong		MedlinePlus (ASHP); Wiktionary; American Heritage Dictionary; Dictionary.com
73	quetiapine	generic	corrected	high	yes	quetiapine	kwˈiʃəpˌIn	kwətˈIəpˌin	kwɪtˈIəpˌiːn	wrong		MedlinePlus (ASHP); Wiktionary; American Heritage Dictionary
74	ergocalciferol	generic	already-correct	high		ergocalciferol	ˌɜɹɡəkˌælsˈɪfəɹɑl	ˌɜɹɡəkˌælsˈɪfəɹɑl	ˌɜːɡQkalsˈɪfəɹɒl	right		MedlinePlus (ASHP); American Heritage Dictionary
75	clavulanate	generic	already-correct	high		clavulanate	klˈævjələnˌAt	klˈævjələnˌAt	klˈavjələnˌAt	right		Wiktionary; MedlinePlus (ASHP)
76	glipizide	generic	already-correct	high		glipizide	ɡlˈɪpɪzˌId	ɡlˈɪpɪzˌId	ɡlˈɪpɪzˌId	right		MedlinePlus (ASHP); Wiktionary
77	latanoprost	generic	corrected	high	yes	latanoprost	lɑtɑnˈOpɹOst	lətˈænOpɹˌɑst	lətˈanQpɹɒst	wrong		MedlinePlus (ASHP); Wiktionary; HealthLinkBC (Healthwise)
78	zolpidem	generic	corrected	high	yes	zolpidem	zˈOlpɪdəm	zˈOlpɪdˌɛm	zˈQlpɪdˌɛm	partial		MedlinePlus (ASHP); Wiktionary; Merriam-Webster; American Heritage Dictionary; NCI Dictionary of Cancer Terms; Dictionary.com
79	diclofenac	generic	corrected	high	yes	diclofenac	dIklˈɑfənæk	dIklˈOfənˌæk	dIklˈQfənˌak	partial		MedlinePlus (ASHP); Wiktionary; NCI Dictionary of Cancer Terms; American Heritage Dictionary
80	vilanterol	generic	corrected	high	yes	vilanterol	vilˈæntəɹˌɔl	vIlˈæntəɹˌɔl	vIlˈantəɹɒl	partial		MedlinePlus (ASHP)
81	doxycycline	generic	already-correct	high		doxycycline	dˌɑksisˈIklin	dˌɑksisˈIklin	dˌɒksɪsˈIkliːn	right		MedlinePlus (ASHP); Wiktionary
82	pregabalin	generic	corrected	high	yes	pregabalin	pɹˈɛɡəbəlɪn	pɹiɡˈæbəlɪn	pɹiɡˈabəlɪn	wrong		MedlinePlus (ASHP); Wiktionary; NCI Dictionary of Cancer Terms
83	lamotrigine	generic	corrected	high	yes	lamotrigine	ləmˈɑtɹəʤˌin	ləmˈOtɹəʤˌin	ləmˈQtɹɪʤˌiːn	partial		MedlinePlus (ASHP); American Heritage Dictionary; NCI Dictionary of Cancer Terms; Wiktionary
84	budesonide	generic	corrected	high	yes	budesonide	bˈʌdɪsənˌId	bjudˈɛsOnˌId	bjuːdˈɛsQnˌId	wrong		MedlinePlus (ASHP); Merriam-Webster; NCI Dictionary of Cancer Terms
85	pravastatin	generic	corrected	high	yes	pravastatin	pɹˈɑvəstˌAtɪn	pɹˈævəstˌætᵊn	pɹˌavəstˈatɪn	wrong		MedlinePlus (ASHP); Wiktionary; American Heritage Dictionary
86	citalopram	generic	corrected	high	yes	citalopram	sˈɪtəlOpɹˌæm	sItˈæləpɹˌæm	sItˈaləpɹˌam	wrong		MedlinePlus (ASHP); Wiktionary
87	ezetimibe	generic	already-correct	medium		ezetimibe	ɪzˈɛtəmˌIb	ɪzˈɛtəmˌIb	ɪzˈɛtəmˌIb	right		MedlinePlus (ASHP); Wiktionary; American Heritage Dictionary
88	triamcinolone	generic	corrected	high	yes	triamcinolone	tɹIˌæmsənˈɑlOn	tɹˌIæmsˈɪnəlˌOn	tɹˌIamsˈɪnəlˌQn	wrong		MedlinePlus (ASHP); Wiktionary; American Heritage Dictionary
89	cephalexin	generic	already-correct	high		cephalexin	sˌɛfəlˈɛksɪn	sˌɛfəlˈɛksɪn	sˌɛfəlˈɛksɪn	right		MedlinePlus (ASHP)
90	oxalate	salt	already-correct	high		oxalate	ˈɑksəlˌAt	ˈɑksəlˌAt	ˈɒksəlAt	right		Wiktionary; American Heritage Dictionary
91	lorazepam	generic	already-correct	high		lorazepam	lɔɹˈæzəpæm	lɔɹˈæzəpæm	lɔːɹˈAzɪpam	right		MedlinePlus (ASHP); Wiktionary; American Heritage Dictionary; Dictionary.com
92	norethindrone	generic	corrected	high	yes	norethindrone	nˈɔɹɪθɪndɹˌOn	nɔɹˈɛθɪndɹˌOn	nɔːɹˈɛθɪndɹˌQn	partial		Wiktionary; American Heritage Dictionary; MedlinePlus (ASHP); MedlinePlus (ASHP); HealthLinkBC (Healthwise)
93	aspirin	generic	already-correct	high		aspirin	ˈæspəɹən	ˈæspəɹən	ˈaspɹɪn	right		MedlinePlus (ASHP); Wiktionary
94	clonidine	generic	already-correct	high		clonidine	klˈɑnɪdˌin	klˈɑnɪdˌin	klˈɒnɪdˌiːn	right		Wiktionary; American Heritage Dictionary; Merriam-Webster; MedlinePlus (ASHP); Dictionary.com
95	formoterol	generic	corrected	medium	yes	formoterol	fɔɹmˈɑtəɹˌɔl	fɔɹmˈOtəɹˌɔl	fɔːmˈQtəɹɒl	partial		MedlinePlus (ASHP); Drugs.com; Kaiser Permanente drug encyclopedia; Merriam-Webster
96	alendronate	generic	already-correct	high		alendronate	əlˈɛndɹənˌAt	əlˈɛndɹənˌAt	əlˈɛndɹənˌAt	right		MedlinePlus (ASHP); Wiktionary
97	atenolol	generic	already-correct	high		atenolol	ətˈɛnəlɑl	ətˈɛnəlɑl	ətˈɛnəlɒl	right		MedlinePlus (ASHP); Wiktionary; American Heritage Dictionary
98	aripiprazole	generic	corrected	medium	yes	aripiprazole	əɹˈɪpɪpɹəzˌOl	ˌæɹəpˈɪpɹəzˌOl	ˌaɹəpˈɪpɹəzˌQl	wrong		MedlinePlus (ASHP); MedlinePlus (ASHP); American Heritage Dictionary; Wiktionary; Merriam-Webster
99	tizanidine	generic	corrected	high	yes	tizanidine	tɪzˈænədˌin	tIzˈænɪdˌin	tIzˈanɪdˌiːn	wrong		MedlinePlus (ASHP); Wikipedia
100	propranolol	generic	already-correct	high		propranolol	pɹOpɹˈænəlˌɑl	pɹOpɹˈænəlˌɑl	pɹQpɹˈanəlɒl	right		MedlinePlus (ASHP); Wiktionary; American Heritage Dictionary
101	phosphate	generic	already-correct	high		phosphate	fˈɑsfˌAt	fˈɑsfˌAt	fˈɒsfAt	right		MedlinePlus (ASHP); Wiktionary
102	lispro	generic	corrected	medium	yes	lispro	lˈɪspɹO	lˈIspɹO	lˈIspɹQ	partial		MedlinePlus (ASHP); Wikipedia (Insulin lispro infobox)
103	acid	generic	already-correct	high		acid	ˈæsəd	ˈæsəd	ˈasɪd	right		MedlinePlus (ASHP); Wiktionary
104	mirtazapine	generic	already-correct	high		mirtazapine	məɹtˈæzəpˌin	məɹtˈæzəpˌin	mətˈazəpˌiːn	right		MedlinePlus (ASHP); Wiktionary; NCI Dictionary of Cancer Terms
105	finasteride	generic	corrected	high	yes	finasteride	fˈInəstəɹˌId	fɪnˈæstəɹˌId	fɪnˈastəɹId	wrong		MedlinePlus (ASHP); Wiktionary; NCI Dictionary of Cancer Terms; Dictionary.com
106	umeclidinium	generic	corrected	high	yes	umeclidinium	ˌʌmˌɛklɪdˈɪniəm	jumˌɛklɪdˈɪniəm	juːmˌɛklɪdˈɪniəm	wrong		MedlinePlus (ASHP)
107	celecoxib	generic	already-correct	high		celecoxib	sˌɛləkˈɑksɪb	sˌɛləkˈɑksɪb	sˌɛləkˈɒksɪb	right		MedlinePlus (ASHP); Wiktionary; NCI Dictionary of Cancer Terms
108	dulaglutide	generic	corrected	high	yes	dulaglutide	djˈuləɡlˌutˌId	dˌuləɡlˈutˌId	djˌuːləɡlˈuːtˌId	partial		MedlinePlus (ASHP)
109	dapagliflozin	generic	corrected	high	yes	dapagliflozin	dəpˈæɡləflˌOzɪn	dˌæpəɡlɪflˈOzɪn	dˌapəɡlɪflˈQzɪn	wrong		MedlinePlus (ASHP); Wiktionary
110	bisulfate	salt	corrected	high	yes	bisulfate	bIsˈʌlfˌAt	bIsˈʌlfˌAt	bIsˈʌlfˌAt	right		Merriam-Webster; Dictionary.com; Collins (British, via Dictionary.com 'bisulphate')
111	trimethoprim	generic	already-correct	high		trimethoprim	tɹImˈɛθəpɹˌɪm	tɹImˈɛθəpɹˌɪm	tɹImˈɛθQpɹɪm	right		MedlinePlus (ASHP); Wiktionary; NCI Dictionary of Cancer Terms
112	phosphate	salt	already-correct	high		phosphate	fˈɑsfˌAt	fˈɑsfˌAt	fˈɒsfAt	right		MedlinePlus (ASHP); Wiktionary
113	rivaroxaban	generic	corrected	high	yes	rivaroxaban	ɹˌIvəɹˈɑksəbən	ɹˌɪvəɹˈɑksəbˌæn	ɹˌɪvəɹˈɒksəbˌan	wrong		MedlinePlus (ASHP); Wiktionary
114	topiramate	generic	corrected	medium	yes	topiramate	tˈɑpɹəmˌAt	tOpˈIɹəmˌAt	tQpˈIɹəmˌAt	wrong		MedlinePlus (ASHP); Drugs.com
115	lisdexamfetamine	generic	corrected	high	yes	lisdexamfetamine	lˌɪsdɪɡzˈæmfətəmˌin	lɪsdˌɛksæmfˈɛtəmˌin	lɪsdˌɛksamfˈɛtəmiːn	wrong		MedlinePlus (ASHP); Wiktionary
116	jardiance	brand	corrected	high	yes	Jardiance	ʤˈɑɹdiəns	ʤɑɹdˈiəns	ʤɑːdˈiːəns	partial		DailyMed label (Boehringer Ingelheim), Patient Information
117	loratadine	generic	corrected	high	yes	loratadine	lˈɔɹətədˌIn	ləɹˈætədˌin	ləɹˈatɪdiːn	wrong		MedlinePlus (ASHP); Wiktionary; Merriam-Webster
118	ozempic	brand	covered	high		Ozempic	Ozˈɛmpɪk					DailyMed label (Novo Nordisk); Wiktionary
119	levetiracetam	generic	corrected	high	yes	levetiracetam	ləvˈɛʃəɹəstəm	lˌivətIɹˈæsətˌæm	lˌiːvətIɹˈasətˌam	wrong		MedlinePlus (ASHP); NCI Dictionary of Cancer Terms; Wiktionary
120	cholecalciferol	generic	corrected	high	yes	cholecalciferol	kˌOləkˌælsˈɪfəɹɔl	kˌOləkˌælsˈɪfəɹɔl	kˌQlɪkalsˈɪfəɹˌɒl	right		MedlinePlus (ASHP); NCI Dictionary of Cancer Terms; Dictionary.com
121	baclofen	generic	corrected	medium	yes	baclofen	bˈækləfən	bˈækləfˌɛn	bˈakləfˌɛn	partial		MedlinePlus (ASHP); NCI Dictionary of Cancer Terms; Davis's Drug Guide; Wiktionary; American Heritage Dictionary
122	methylprednisolone	generic	corrected	high	yes	methylprednisolone	mˌɛθɪlpɹˈɛdnəsˌOlˌOn	mˌɛθəlpɹɛdnˈɪsəlˌOn	mˌiːθIlpɹɛdnˈɪsəlQn	wrong		MedlinePlus (ASHP); Wiktionary; NCI Dictionary of Cancer Terms; Collins (British, via Dictionary.com 'methyl')
123	diltiazem	generic	corrected	high	yes	diltiazem	dɪltˈiəzˌɛm	dɪltˈIəzˌɛm	dɪltˈIəzˌɛm	partial		MedlinePlus (ASHP); Wiktionary; Dictionary.com
124	acetonide	salt	corrected	medium	yes	acetonide	əsˈɛtənˌId	ˌæsətˈOnˌId	ˌasɪtˈQnId	wrong		Merriam-Webster
125	amitriptyline	generic	corrected	high	yes	amitriptyline	ˌæmətɹˈɪptələn	ˌæmətɹˈɪptəlˌin	ˌamɪtɹˈɪptɪliːn	partial		MedlinePlus (ASHP); NCI Dictionary of Cancer Terms; Wiktionary
126	ellipta	device	already-correct	high		Ellipta	ɪlˈɪptə	ɪlˈɪptə	ɪlˈɪptə	right		DailyMed label (GSK), Trelegy Ellipta; DailyMed label (GSK), Breo Ellipta; DailyMed label (GSK), Anoro Ellipta
127	folic	generic	corrected	medium	yes	folic	fˈɑlɪk	fˈOlɪk	fˈQlɪk	partial		MedlinePlus (ASHP); NCI Dictionary of Cancer Terms; Dictionary.com; Wiktionary; Dictionary.com (American)
128	aspart	generic	already-correct	high		aspart	ˈæspˌɑɹt	ˈæspˌɑɹt	ˈaspˌɑːt	right		MedlinePlus (ASHP)
129	olmesartan	generic	corrected	medium	yes	olmesartan	ˌOlmɛsˈɑɹtən	ˌɔlmɪsˈɑɹtˌæn	ˌɒlmɪsˈɑːtˌan	wrong		MedlinePlus (ASHP)
130	fenofibrate	generic	corrected	high	yes	fenofibrate	fənˈɑfəbɹˌAt	fˌɛnOfˈIbɹˌAt	fˌɛnQfˈIbɹˌAt	wrong		MedlinePlus (ASHP); Wiktionary
131	timolol	generic	already-correct	high		timolol	tˈIməlɔl	tˈIməlɔl	tˈɪməlɒl	right		MedlinePlus (ASHP); Wiktionary
132	prednisolone	generic	corrected	high	yes	prednisolone	pɹˈɛdnɪsəlOn	pɹɛdnˈɪsəlˌOn	pɹɛdnˈɪsəlQn	partial		MedlinePlus (ASHP); Wiktionary; NCI Dictionary of Cancer Terms
133	warfarin	generic	already-correct	high		warfarin	wˈɔɹfəɹən	wˈɔɹfəɹən	wˈɔːfəɹɪn	right		MedlinePlus (ASHP); Wiktionary; NCI Dictionary of Cancer Terms
134	donepezil	generic	corrected	high	yes	donepezil	dOnApɛzˈil	dOnˈɛpəzɪl	dQnˈɛpəzɪl	wrong		MedlinePlus (ASHP); Wiktionary
135	hydralazine	generic	corrected	high	yes	hydralazine	hˈIdɹələzˌin	hIdɹˈæləzˌin	hIdɹˈaləziːn	partial		MedlinePlus (ASHP); Wiktionary
136	valacyclovir	generic	corrected	high	yes	valacyclovir	vˌæləsˈIkləvəɹ	vˌæləsˈIklOvˌɪɹ	vˌaləsˈIklQvˌɪə	wrong		MedlinePlus (ASHP); NCI Dictionary of Cancer Terms; Dictionary.com
137	acetate	generic	already-correct	high		acetate	ˈæsətˌAt	ˈæsətˌAt	ˈasɪtAt	right		MedlinePlus (ASHP); Wiktionary
138	acetate	salt	already-correct	high		acetate	ˈæsətˌAt	ˈæsətˌAt	ˈasɪtAt	right		MedlinePlus (ASHP); Wiktionary
139	paroxetine	generic	already-correct	high		paroxetine	pəɹˈɑksətˌin	pəɹˈɑksətˌin	pəɹˈɒksətˌiːn	right		MedlinePlus (ASHP); Wiktionary
140	methocarbamol	generic	corrected	high	yes	methocarbamol	mˌɛθəkˈɑɹbəməl	mˌɛθəkˈɑɹbəmˌɔl	mˌɛθəkˈɑːbəmˌɒl	partial		MedlinePlus (ASHP); Dictionary.com
141	sulfamethoxazole	generic	corrected	medium	yes	sulfamethoxazole	sˌʌlfəməθˈɑksəzˌOl	sˌʌlfəmˌɛθˈɑksəzˌOl	sˌʌlfəmˌɛθˈɒksəzˌQl	partial		Wiktionary; NCI Dictionary of Cancer Terms; MedlinePlus (ASHP); Dictionary.com; American Heritage Dictionary
142	buprenorphine	generic	corrected	high	yes	buprenorphine	bjˈupɹənəɹfˌin	bjˌupɹənˈɔɹfˌin	bjˌuːpɹənˈɔːfiːn	partial		MedlinePlus (ASHP); Wiktionary
143	naproxen	generic	already-correct	high		naproxen	nəpɹˈɑksᵊn	nəpɹˈɑksᵊn	napɹˈɒksɛn	right		MedlinePlus (ASHP); Wiktionary
144	ketoconazole	generic	corrected	high	yes	ketoconazole	kətˈɑkənəzˌOl	kˌitOkˈɑnəzˌOl	kˌiːtQkˈɒnəzˌQl	wrong		MedlinePlus (ASHP); Wiktionary; NCI Dictionary of Cancer Terms
145	oxybutynin	generic	already-correct	high		oxybutynin	ˌɑksibjˈutənɪn	ˌɑksibjˈutənɪn	ˌɒksibjˈuːtənɪn	right		MedlinePlus (ASHP); Wiktionary
146	nitrofurantoin	generic	already-correct	high		nitrofurantoin	nˌItɹOfjəɹˈæntˌOən	nˌItɹOfjəɹˈæntˌOən	nˌItɹQfjʊɹˈantQɪn	right		MedlinePlus (ASHP); Wiktionary
147	sitagliptin	generic	corrected	high	yes	sitagliptin	sˈɪtəɡlˌɪptɪn	sˌɪtəɡlˈɪptɪn	sˌɪtəɡlˈɪptɪn	partial		MedlinePlus (ASHP); Wiktionary
148	ciprofloxacin	generic	already-correct	high		ciprofloxacin	sˌɪpɹOflˈɑksəsɪn	sˌɪpɹOflˈɑksəsɪn	sˌɪpɹQflˈɒksəsɪn	right		MedlinePlus (ASHP); Wiktionary
149	naloxone	generic	already-correct	high		naloxone	nəlˈɑksˌOn	nəlˈɑksˌOn	nəlˈɒksQn	right		MedlinePlus (ASHP); Wiktionary
150	dexamethasone	generic	corrected	high	yes	dexamethasone	dˌɛksəmˈɛθəzˌOn	dˌɛksəmˈɛθəsˌOn	dˌɛksəmˈɛθəsQn	partial		MedlinePlus (ASHP); NCI Dictionary of Cancer Terms; Wiktionary; American Heritage Dictionary
151	maleate	salt	corrected	medium	yes	maleate	məlˈiət	mˈæliˌAt	mˈalɪˌAt	wrong		Dictionary.com
152	ipratropium	generic	corrected	high	yes	ipratropium	ˌIpɹətɹˈOpiəm	ˌɪpɹətɹˈOpiəm	ˌɪpɹətɹˈQpiəm	partial		MedlinePlus (ASHP); Wiktionary
153	clindamycin	generic	corrected	high	yes	clindamycin	klˈɪndəmˌIsɪn	klˌɪndəmˈIsɪn	klˌɪndəmˈIsɪn	partial		MedlinePlus (ASHP); Wiktionary
154	isosorbide	generic	corrected	high	yes	isosorbide	ˈIsəɹbˌId	ˌIsOsˈɔɹbˌId	ˌIsQsˈɔːbˌId	wrong		MedlinePlus (ASHP)
155	fluconazole	generic	corrected	high	yes	fluconazole	flˈukənəzˌOl	flukˈɑnəzˌOl	fluːkˈɒnəzˌQl	partial		MedlinePlus (ASHP); Wiktionary; American Heritage Dictionary
156	mupirocin	generic	corrected	high	yes	mupirocin	mjˌupəɹˈOsən	mjupˈɪɹOsɪn	mjuːpˈɪəɹQsɪn	wrong		MedlinePlus (ASHP); Merriam-Webster; Davis's Drug Guide (Unbound Medicine)
157	olanzapine	generic	corrected	high	yes	olanzapine	Olɑnzɑpˈini	Olˈænzəpˌin	Qlˈanzəpˌiːn	wrong		MedlinePlus (ASHP); Wiktionary; American Heritage Dictionary
158	glimepiride	generic	corrected	high	yes	glimepiride	ɡlˈImpəɹˌId	ɡlImˈɛpəɹˌId	ɡlImˈɛpɪɹˌId	partial		MedlinePlus (ASHP); Merriam-Webster; Wiktionary; Davis's Drug Guide (Unbound Medicine); Kaiser Permanente drug encyclopedia (Cerner Multum); American Heritage Dictionary
159	nifedipine	generic	already-correct	high		nifedipine	nˌIfˈɛdəpˌin	nˌIfˈɛdəpˌin	nIfˈɛdɪpiːn	right		MedlinePlus (ASHP); Wiktionary
160	benazepril	generic	corrected	high	yes	benazepril	bˌɛnəzˈɛpɹəl	bɛnˈAzəpɹɪl	bɛnˈAzəpɹɪl	wrong		MedlinePlus (ASHP); Merriam-Webster; Davis's Drug Guide (Unbound Medicine); American Heritage Dictionary
161	testosterone	generic	already-correct	high		testosterone	tɛstˈɑstəɹˌOn	tɛstˈɑstəɹˌOn	tɛstˈɒstəɹQn	right		MedlinePlus (ASHP); Wiktionary
162	memantine	generic	corrected	high	yes	memantine	mˈɛməntˌIn	mˈɛməntˌin	mˈɛməntˌiːn	partial		MedlinePlus (ASHP); Merriam-Webster; Davis's Drug Guide (Unbound Medicine); NCI Dictionary of Cancer Terms
163	azelastine	generic	corrected	high	yes	azelastine	ɑzɛlɑstˈini	əzˈɛləstˌin	əzˈɛləstˌiːn	wrong		MedlinePlus (ASHP); Davis's Drug Guide (Unbound Medicine)
164	hydrobromide	salt	corrected	high	yes	hydrobromide	hIdɹˈɑbɹəmˌId	hˌIdɹObɹˈOmˌId	hˌIdɹQbɹˈQmId	wrong		Wiktionary; NCI Dictionary of Cancer Terms; American Heritage Dictionary
165	risperidone	generic	already-correct	high		risperidone	ɹɪspˈɛɹədˌOn	ɹɪspˈɛɹədˌOn	ɹɪspˈɛɹədˌQn	right		MedlinePlus (ASHP); Wiktionary
166	solostar	device	corrected	medium	yes	SoloStar	sˈɑləstˌɑɹ	sˈOlOstˌɑɹ	sˈQlQstˌɑː	wrong		DailyMed label (Sanofi), Lantus; DailyMed label (Sanofi), Toujeo
167	esomeprazole	generic	corrected	high	yes	esomeprazole	isˈʌmpɹəzˌOl	ˌɛsOmˈɛpɹəzˌOl	ˌɛsQmˈɛpɹəzˌQl	wrong		MedlinePlus (ASHP); Wiktionary; American Heritage Dictionary
168	sumatriptan	generic	corrected	medium	yes	sumatriptan	sˌumətɹˈɪptˌæn	sˌumətɹˈɪptˌæn	sˌuːmətɹˈɪptˌan	right		MedlinePlus (ASHP); Merriam-Webster; Davis's Drug Guide (Unbound Medicine); American Heritage Dictionary
169	hyclate	salt	already-correct	high		hyclate	hˈIklˌAt	hˈIklˌAt	hˈIklˌAt	right		NCI Dictionary of Cancer Terms
170	lantus	brand	already-correct	high		Lantus	lˈæntəs	lˈæntəs	lˈantəs	right		DailyMed label (Sanofi), Patient Information and Instructions for Use
171	metronidazole	generic	already-correct	high		metronidazole	mˌɛtɹənˈIdəzˌOl	mˌɛtɹənˈIdəzˌOl	mˌɛtɹənˈIdəzQl	right		MedlinePlus (ASHP); Wiktionary; American Heritage Dictionary
172	chlorthalidone	generic	corrected	high	yes	chlorthalidone	klˈɔɹθˌælɪdˌOn	klɔɹθˈælɪdˌOn	klɔːθˈalɪdˌQn	partial		MedlinePlus (ASHP); Davis's Drug Guide (Unbound Medicine)
173	monohydrate	salt	already-correct	high		monohydrate	mˌɑnəhˈIdɹˌAt	mˌɑnəhˈIdɹˌAt	mɒnQhˈIdɹAt	right		NCI Dictionary of Cancer Terms; Dictionary.com (Random House; British from Collins)
174	hydrocortisone	generic	corrected	high	yes	hydrocortisone	hˌIdɹOkˈɔɹTəzˌOn	hˌIdɹOkˈɔɹtɪsˌOn	hˌIdɹQkˈɔːtɪzQn	wrong		MedlinePlus (ASHP); Wiktionary; Merriam-Webster; NCI Dictionary of Cancer Terms; American Heritage Dictionary; Dictionary.com (Random House; British from Collins)
175	norgestimate	generic	already-correct	high		norgestimate	nˌɔɹʤˈɛstəmˌAt	nˌɔɹʤˈɛstəmˌAt	nˌɔːʤˈɛstəmˌAt	right		Wiktionary; American Heritage Dictionary
176	pioglitazone	generic	corrected	high	yes	pioglitazone	piˌɑɡlətəzˈOni	pˌIOɡlˈɪtəzˌOn	pˌIQɡlˈɪtəzˌQn	wrong		MedlinePlus (ASHP); Wiktionary; American Heritage Dictionary
177	nystatin	generic	corrected	medium	yes	nystatin	nIstˈætᵊn	nIstˈætᵊn	nˈIstətɪn	right		MedlinePlus (ASHP); NCI Dictionary of Cancer Terms; Davis's Drug Guide (Unbound Medicine); Wiktionary; Dictionary.com (Random House; British from Collins); American Heritage Dictionary
178	dorzolamide	generic	corrected	high	yes	dorzolamide	dɔɹzˈɑləmˌId	dɔɹzˈOləmˌId	dɔːzˈQləmˌId	partial		MedlinePlus (ASHP)
179	cefdinir	generic	already-correct	high		cefdinir	sˈɛfdɪnɪɹ	sˈɛfdɪnɪɹ	sˈɛfdɪnɪə	right		MedlinePlus (ASHP); Davis's Drug Guide (Unbound Medicine); Michigan Medicine health library (Cerner Multum)
180	divalproex	generic	already-correct	medium		divalproex	dɪvˈælpɹˌOˌɛks	dɪvˈælpɹˌOˌɛks	dɪvˈalpɹˌQˌɛks	right		American Heritage Dictionary; Davis's Drug Guide (Unbound Medicine); MedlinePlus (ASHP); NCI Dictionary of Cancer Terms
181	irbesartan	generic	corrected	high	yes	irbesartan	ˈɜɹbəsˌɑɹtən	ˌɪɹbəsˈɑɹtˌæn	ˌɪəbəsˈɑːtˌan	wrong		MedlinePlus (ASHP); Davis's Drug Guide (Unbound Medicine); American Heritage Dictionary
182	degludec	generic	corrected	medium	yes	degludec	dɪɡlˈudɪk	dəɡlˈudˌɛk	dəɡlˈuːdˌɛk	wrong		MedlinePlus (ASHP); Davis's Drug Guide (Unbound Medicine)
183	promethazine	generic	already-correct	high		promethazine	pɹOmˈɛθəzˌin	pɹOmˈɛθəzˌin	pɹQmˈɛθəziːn	right		MedlinePlus (ASHP); Wiktionary
184	magnesium	generic	already-correct	high		magnesium	mæɡnˈiziəm	mæɡnˈiziəm	maɡnˈiːzɪəm	right		MedlinePlus (ASHP); Wiktionary
185	ropinirole	generic	corrected	high	yes	ropinirole	ɹOpinˈɪɹOl	ɹOpˈɪnəɹˌOl	ɹQpˈɪnəɹˌQl	wrong		MedlinePlus (ASHP); Wiktionary; American Heritage Dictionary
186	hydroxychloroquine	generic	already-correct	high		hydroxychloroquine	hIdɹˌɑksiklˈɔɹəkwˌin	hIdɹˌɑksiklˈɔɹəkwˌin	hIdɹˌɒksɪklˈɔːɹəkwɪn	right		MedlinePlus (ASHP); Wiktionary; Davis's Drug Guide (Unbound Medicine); American Heritage Dictionary
187	mesylate	salt	corrected	medium	yes	mesylate	mˈɛzəlˌAt	mˈɛsəlˌAt	mˈɛsəlˌAt	partial		American Heritage Dictionary; Wiktionary; NCI Dictionary of Cancer Terms
188	clotrimazole	generic	corrected	high	yes	clotrimazole	klˈɑtɹəməzˌOl	klOtɹˈɪməzˌOl	klQtɹˈɪməzˌQl	wrong		MedlinePlus (ASHP); Wiktionary; American Heritage Dictionary
189	levocetirizine	generic	corrected	high	yes	levocetirizine	ləvˈɑsətəɹˌIzən	lˌivOsətˈɪɹəzˌin	lˌiːvQsətˈɪɹɪzˌiːn	wrong		MedlinePlus (ASHP); Davis's Drug Guide (Unbound Medicine)
190	docusate	generic	corrected	high	yes	docusate	dˈɑkjəzˌAt	dˈɑkjəsˌAt	dˈɒkjəsˌAt	partial		Wiktionary; Davis's Drug Guide (Unbound Medicine); American Heritage Dictionary
191	clobetasol	generic	corrected	high	yes	clobetasol	klˈObtəsˌɑl	klObˈAtəsˌɑl	klQbˈAtəsɒl	partial		MedlinePlus (ASHP); Davis's Drug Guide (Unbound Medicine)
192	diazepam	generic	corrected	high	yes	diazepam	dIˈæzəpˌæm	dIˈæzəpˌæm	dIˈazɪpam	right		MedlinePlus (ASHP); Wiktionary; NCI Dictionary of Cancer Terms; Dictionary.com (Random House; British from Collins)
193	propanediol	generic	corrected	medium	yes	propanediol	pɹˌɑpənˈidiəl	pɹˌOpAndˈIɔl	pɹˌQpAndˈIɒl	wrong		Dictionary.com (Random House; British from Collins); Dictionary.com (Random House; British from Collins); NCI Dictionary of Cancer Terms
194	sacubitril	generic	corrected	high	yes	sacubitril	sˈækjˌubɪtɹɪl	sækjˈubɪtɹɪl	sakjˈuːbɪtɹɪl	partial		MedlinePlus (ASHP); Davis's Drug Guide (Unbound Medicine)
195	triamterene	generic	already-correct	high		triamterene	tɹIˈæmtəɹˌin	tɹIˈæmtəɹˌin	tɹIˈamtəɹˌiːn	right		MedlinePlus (ASHP); Wiktionary
196	ferrous	generic	already-correct	high		ferrous	fˈɛɹəs	fˈɛɹəs	fˈɛɹəs	right		Wiktionary
197	xarelto	brand	already-correct	high		Xarelto	zəɹˈɛltO	zəɹˈɛltO	zəɹˈɛltQ	right		DailyMed label (Janssen), Medication Guide
198	brimonidine	generic	corrected	high	yes	brimonidine	bɹɪmˈɑnədˌin	bɹɪmˈOnɪdˌin	bɹɪmˈQnɪdˌiːn	wrong		MedlinePlus (ASHP); Davis's Drug Guide (Unbound Medicine)
199	bromide	generic	already-correct	high		bromide	bɹˈOmˌId	bɹˈOmˌId	bɹˈQmId	right		Wiktionary
200	bromide	salt	already-correct	high		bromide	bɹˈOmˌId	bɹˈOmˌId	bɹˈQmId	right		Wiktionary
201	benzonatate	generic	corrected	high	yes	benzonatate	bˈɛnzənətˌAt	bɛnzˈOnətˌAt	bɛnzˈQnətˌAt	partial		MedlinePlus (ASHP); Wiktionary
202	ventolin	brand	already-correct	high		Ventolin	vˈɛntələn	vˈɛntələn	vˈɛntQlɪn	right		DailyMed label (GSK), Patient Information
203	betamethasone	generic	corrected	high	yes	betamethasone	bɪtˈAmθəsən	bˌAtəmˈɛθəsˌOn	bˌAtəmˈɛθəsˌQn	wrong		MedlinePlus (ASHP); Wiktionary; Dictionary.com (Random House; British from Collins); American Heritage Dictionary
204	lidocaine	generic	already-correct	high		lidocaine	lˈIdəkˌAn	lˈIdəkˌAn	lˈIdəkAn	right		MedlinePlus (ASHP); Wiktionary; NCI Dictionary of Cancer Terms; Dictionary.com (Random House; British from Collins)
205	cyanocobalamin	generic	already-correct	high		cyanocobalamin	sˌIənOkˌObˈæləmən	sˌIənOkˌObˈæləmən	sˌIənQkəbˈaləmɪn	right		MedlinePlus (ASHP)
206	meclizine	generic	already-correct	high		meclizine	mˈɛkləzˌin	mˈɛkləzˌin	mˈɛkləzˌiːn	right		MedlinePlus (ASHP); Wiktionary
207	methotrexate	generic	already-correct	high		methotrexate	mˌɛθətɹˈɛksˌAt	mˌɛθətɹˈɛksˌAt	mˌɛθQtɹˈɛksAt	right		MedlinePlus (ASHP); Wiktionary
208	trelegy	brand	already-correct	medium		Trelegy	tɹˈɛləʤi	tɹˈɛləʤi	tɹˈɛləʤi	right		DailyMed label (GSK), Patient Information
209	ketorolac	generic	already-correct	medium		ketorolac	kˌitəɹˈOlˌæk	kˌitəɹˈOlˌæk	kˌiːtəɹˈQlˌak	right		MedlinePlus (ASHP); NCI Dictionary of Cancer Terms; Wiktionary; Davis's Drug Guide (Unbound Medicine)
210	glycol	generic	already-correct	high		glycol	ɡlˈIkˌɔl	ɡlˈIkˌɔl	ɡlˈIkɒl	right		MedlinePlus (ASHP); Wiktionary
211	prazosin	generic	corrected	high	yes	prazosin	pɹəzˈOzɪn	pɹˈAzəsˌɪn	pɹˈAzəsˌɪn	wrong		MedlinePlus (ASHP); Wiktionary; Merriam-Webster; American Heritage Dictionary; Davis's Drug Guide (F.A. Davis, via Unbound Medicine; bold = stressed syllable)
212	tiotropium	generic	corrected	high	yes	tiotropium	tˌIətɹˈOpiəm	tˌIOtɹˈOpiəm	tˌIQtɹˈQpiəm	partial		MedlinePlus (ASHP); Wiktionary; Merriam-Webster; Kaiser Permanente drug encyclopedia (via search result; the page refuses direct fetches); Davis's Drug Guide (F.A. Davis, via Unbound Medicine; bold = stressed syllable)
213	progesterone	generic	already-correct	high		progesterone	pɹOʤˈɛstəɹˌOn	pɹOʤˈɛstəɹˌOn	pɹəʤˈɛstəɹQn	right		MedlinePlus (ASHP); Wiktionary; NCI Dictionary of Cancer Terms
214	thyroid	generic	already-correct	high		thyroid	θˈIɹˌYd	θˈIɹˌYd	θˈIɹYd	right		MedlinePlus (ASHP); Wiktionary
215	ofloxacin	generic	corrected	high	yes	ofloxacin	OflˌɑksˈAsən	Oflˈɑksəsɪn	Qflˈɒksəsɪn	wrong		MedlinePlus (ASHP)
216	farxiga	brand	corrected	high	yes	Farxiga	fˈɑɹksɪɡə	fɑɹsˈiɡə	fɑːsˈiːɡə	wrong		AstraZeneca press release, US approval (13 Jan 2014); Drugs.com (search-result text; the page refuses automated fetches)
217	polymyxin	generic	already-correct	high		polymyxin	pˌɑlimˈɪksᵊn	pˌɑlimˈɪksᵊn	pˌɒlɪmˈɪksɪn	right		MedlinePlus (ASHP)
218	adalimumab	generic	corrected	medium	yes	adalimumab	ədˈæləmjˌuməb	ˌAdəlˈɪmjumˌæb	ˌAdəlˈɪmjuːmˌab	wrong		MedlinePlus (ASHP); Wiktionary; Kaiser Permanente drug encyclopedia (via search result; the page refuses direct fetches); Davis's Drug Guide (F.A. Davis, via Unbound Medicine; bold = stressed syllable)
219	trulicity	brand	corrected	high	yes	Trulicity	tɹulˈɪsəti	tɹˈulɪsəti	tɹˈuːlɪsəti	partial		DailyMed label (Eli Lilly), Medication Guide heading; Eli Lilly, Trulicity consumer site; Drugs.com (search-result text; the page refuses automated fetches)
220	morphine	generic	already-correct	high		morphine	mˈɔɹfˌin	mˈɔɹfˌin	mˈɔːfiːn	right		MedlinePlus (ASHP); Wiktionary
221	codeine	generic	already-correct	high		codeine	kˈOdˌin	kˈOdˌin	kˈQdiːn	right		MedlinePlus (ASHP); Wiktionary
222	atomoxetine	generic	corrected	high	yes	atomoxetine	ˌAtəmˈɑksətin	ˌætOmˈɑksətˌin	ˌatQmˈɒksətˌiːn	wrong		MedlinePlus (ASHP); Merriam-Webster; Kaiser Permanente drug encyclopedia (via search result; the page refuses direct fetches); Davis's Drug Guide (F.A. Davis, via Unbound Medicine; bold = stressed syllable)
223	dexmethylphenidate	generic	corrected	high	yes	dexmethylphenidate	dˌɛksməθˈɪlfənɪdˌAt	dˌɛksmˌɛθəlfˈɛnɪdˌAt	dˌɛksmˌɛθəlfˈɛnɪdˌAt	wrong		MedlinePlus (ASHP)
224	mounjaro	brand	covered	high		Mounjaro	mWnʤˈɑɹO					DailyMed label (Eli Lilly)
225	cyclosporine	generic	corrected	high	yes	cyclosporine	sˌIklOspˈɔɹən	sˌIklOspˈɔɹˌin	sˌIklQspˈɔːɹˌiːn	partial		MedlinePlus (ASHP); Merriam-Webster; Dictionary.com (via search result); American Heritage Dictionary; NCI Dictionary of Cancer Terms
226	cryst	generic	not-a-drug				kɹˈɪst					
227	polyethylene	generic	already-correct	high		polyethylene	pˌɑliˈɛθəlin	pˌɑliˈɛθəlin	pˌɒlɪˈɛθɪliːn	right		MedlinePlus (ASHP)
228	dicyclomine	generic	corrected	high	yes	dicyclomine	dIsˈɪkləmˌin	dIsˈIkləmˌin	dIsˈIkləmˌiːn	partial		MedlinePlus (ASHP); Wiktionary
229	tadalafil	generic	corrected	high	yes	tadalafil	tˈædələfɪl	tədˈæləfɪl	tədˈaləfɪl	wrong		MedlinePlus (ASHP); Wiktionary
230	lovastatin	generic	corrected	high	yes	lovastatin	lOvˈæstətɪn	lˈOvəstˌætᵊn	lˌQvəstˈatᵊn	wrong		MedlinePlus (ASHP); Wiktionary; Davis's Drug Guide (F.A. Davis, via Unbound Medicine; bold = stressed syllable)
231	tenofovir	generic	corrected	medium	yes	tenofovir	tˌɛnəfˈOvəɹ	tənˈɑfOvˌɪɹ	tənˈɒfQvˌɪə	wrong		MedlinePlus (ASHP); MedlinePlus (ASHP); MedlinePlus (ASHP); MedlinePlus (ASHP); Davis's Drug Guide (F.A. Davis, via Unbound Medicine; bold = stressed syllable)
232	synthroid	brand	already-correct	medium		Synthroid	sˈɪnθɹˌYd	sˈɪnθɹˌYd	sˈɪnθɹˌYd	right		The Free Dictionary (American Heritage), seen in search-result text; the page refuses automated fetches; The Free Dictionary medical dictionary, seen in search-result text
233	mirabegron	generic	corrected	high	yes	mirabegron	mɪɹˈæbəɡɹɑn	mˌɪɹəbˈɛɡɹɑn	mˌɪɹəbˈɛɡɹɒn	wrong		MedlinePlus (ASHP)
234	torsemide	generic	corrected	high	yes	torsemide	tˈɔɹsmˌId	tˈɔɹsəmˌId	tˈɔːsəmˌId	partial		MedlinePlus (ASHP)
235	evolocumab	generic	corrected	high	yes	evolocumab	ɪvˈɑləkjˌuməb	ˌɛvOlˈɑkjumˌæb	ˌɛvQlˈɒkjuːmˌab	wrong		MedlinePlus (ASHP); Wiktionary
236	desvenlafaxine	generic	corrected	high	yes	desvenlafaxine	dɪsvˌɛnləfˈæksIn	dɛsvˌɛnləfˈæksˌin	dɛsvˌɛnləfˈaksˌiːn	wrong		MedlinePlus (ASHP); Wiktionary
237	temazepam	generic	corrected	high	yes	temazepam	tˌɛməzˈɛpəm	təmˈæzəpˌæm	təmˈAzɪpam	wrong		MedlinePlus (ASHP); Wiktionary
238	lithium	generic	already-correct	high		lithium	lˈɪθiəm	lˈɪθiəm	lˈɪθɪəm	right		MedlinePlus (ASHP); Wiktionary
239	verapamil	generic	already-correct	high		verapamil	vəɹˈæpəməl	vəɹˈæpəməl	vəɹˈapəmɪl	right		MedlinePlus (ASHP); Wiktionary
240	ethyl	generic	already-correct	high		ethyl	ˈɛθᵊl	ˈɛθᵊl	ˈiːθIl	right		MedlinePlus (ASHP); Wiktionary
241	acyclovir	generic	already-correct	high		acyclovir	AsˈIkləvˌɪɹ	AsˈIkləvˌɪɹ	AsˈIkləvɪə	right		MedlinePlus (ASHP)
242	emtricitabine	generic	corrected	medium	yes	emtricitabine	ɛmtɹˈɪsətəbˌin	ˌɛmtɹɪsˈɪtəbˌin	ˌɛmtɹɪsˈɪtəbˌiːn	partial		MedlinePlus (ASHP); MedlinePlus (ASHP); MedlinePlus (ASHP); Wiktionary; Davis's Drug Guide (F.A. Davis, via Unbound Medicine; bold = stressed syllable)
243	linaclotide	generic	corrected	high	yes	linaclotide	lInˈæklətˌId	lɪnˈæklOtˌId	lɪnˈaklQtˌId	wrong		MedlinePlus (ASHP); DailyMed label (AbbVie/Ironwood), Medication Guide
244	mononitrate	salt	corrected	medium	yes	mononitrate	mənˈɑnətɹˌAt	mˌɑnOnˈItɹˌAt	mˌɒnQnˈItɹˌAt	wrong		Wiktionary; MedlinePlus (ASHP); Davis's Drug Guide (F.A. Davis, via Unbound Medicine; bold = stressed syllable)
245	oxcarbazepine	generic	corrected	high	yes	oxcarbazepine	ˌɑkskɑɹbˈAzəpˌIn	ˌɑkskˌɑɹbˈæzəpˌin	ˌɒkskˌɑːbˈazəpˌiːn	wrong		MedlinePlus (ASHP); Wiktionary
246	nitroglycerin	generic	already-correct	high		nitroglycerin	nˌItɹOɡlˈɪsəɹən	nˌItɹOɡlˈɪsəɹən	nˌItɹQɡlˈɪsəɹən	right		MedlinePlus (ASHP)
247	kwikpen	device	corrected	medium	yes	KwikPen	kwˈɪkpən	kwˈɪkpˌɛn		partial		Wiktionary (kwik); DailyMed label (Eli Lilly), Basaglar; DailyMed label (Eli Lilly), Humalog
248	guanfacine	generic	corrected	high	yes	guanfacine	ɡwˌɑnfəsˈini	ɡwˈɑnfəsˌin	ɡwˈɑːnfəsˌiːn	partial		MedlinePlus (ASHP); Wiktionary
249	enalapril	generic	already-correct	high		enalapril	ɪnˈæləpɹɪl	ɪnˈæləpɹɪl	ɪnˈaləpɹɪl	right		MedlinePlus (ASHP); Wiktionary
250	nortriptyline	generic	corrected	high	yes	nortriptyline	nˈɔɹtɹɪptəlˌIn	nɔɹtɹˈɪptəlˌin	nɔːtɹˈɪptɪlˌiːn	partial		MedlinePlus (ASHP)
251	doxazosin	generic	corrected	high	yes	doxazosin	dˌɑksəzˈOsən	dɑksˈAzəsɪn	dɒksˈAzəsɪn	wrong		MedlinePlus (ASHP); Wiktionary
252	chlorhexidine	generic	corrected	high	yes	chlorhexidine	klˈɔɹhˌɛksədˌIn	klɔɹhˈɛksədˌin	klɔːhˈɛksɪdˌiːn	partial		MedlinePlus (ASHP)
253	ritonavir	generic	corrected	high	yes	ritonavir	ɹˈɪtənəvˌɪɹ	ɹɪtˈOnəvˌɪɹ	ɹɪtˈQnəvˌɪə	partial		MedlinePlus (ASHP); Wiktionary; Davis's Drug Guide (F.A. Davis, via Unbound Medicine; bold = stressed syllable)
254	januvia	brand	corrected	medium	yes	Januvia	ʤənˈuviə	ʤənˈuviə	ʤənjˈuːviə	right		DailyMed label (Merck), Patient Information
255	levofloxacin	generic	corrected	high	yes	levofloxacin	lˌɛvOflˈɑksəsɪn	lˌivOflˈɑksəsɪn	lˌiːvQflˈɒksəsɪn	partial		MedlinePlus (ASHP); Wiktionary; Davis's Drug Guide (F.A. Davis, via Unbound Medicine; bold = stressed syllable)
256	nirmatrelvir	generic	corrected	medium	yes	nirmatrelvir	nˈɜɹmətɹˌɛlvəɹ	nˌɜɹmətɹˈɛlvˌɪɹ	nˌɜːmətɹˈɛlvˌɪə	partial		MedlinePlus (ASHP); DailyMed label (Pfizer), Patient Information; Wikipedia (infobox, uncited); Davis's Drug Guide (F.A. Davis, via Unbound Medicine; bold = stressed syllable)
257	dextromethorphan	generic	corrected	high	yes	dextromethorphan	dɛkstɹˈɑməθɔɹfən	dˌɛkstɹOməθˈɔɹfˌæn	dˌɛkstɹQməθˈɔːfˌan	wrong		MedlinePlus (ASHP); Wiktionary
258	sucralfate	generic	corrected	high	yes	sucralfate	sˈukɹəlfˌAt	sukɹˈælfˌAt	sjˈuːkɹᵊlfˌAt	partial		MedlinePlus (ASHP); Wiktionary
259	tretinoin	generic	corrected	medium	yes	tretinoin	tɹˌɛtˈɪnəwən	tɹˈɛtɪnˌYn	tɹˌɛtˈɪnQɪn	wrong		MedlinePlus (ASHP); MedlinePlus (ASHP); Wiktionary; American Heritage Dictionary; NCI Dictionary of Cancer Terms; Davis's Drug Guide (F.A. Davis, via Unbound Medicine; bold = stressed syllable); Dictionary.com (Random House)
260	levonorgestrel	generic	already-correct	high		levonorgestrel	lˌivənɔɹʤˈɛstɹəl	lˌivənɔɹʤˈɛstɹəl	lˌiːvQnɔːʤˈɛstɹᵊl	right		MedlinePlus (ASHP); Wiktionary
261	tromethamine	salt	corrected	high	yes	tromethamine	tɹəmˈɛθəmˌin	tɹOmˈɛθəmˌin	tɹQmˈɛθəmˌiːn	partial		Wiktionary
262	entresto	brand	already-correct	high		Entresto	ɛntɹˈɛstO	ɛntɹˈɛstO	ɛntɹˈɛstQ	right		DailyMed label (Novartis), Patient Information
263	erythromycin	generic	already-correct	high		erythromycin	ɪɹˌɪθɹəmˈIsɪn	ɪɹˌɪθɹəmˈIsɪn	ɪɹˌɪθɹQmˈIsɪn	right		MedlinePlus (ASHP); Wiktionary
264	amiodarone	generic	corrected	medium	yes	amiodarone	ˌæmiOdɑɹˈOni	əmˈiədəɹˌOn	əmˈiːədəɹˌQn	wrong		MedlinePlus (ASHP); Wiktionary; American Heritage Dictionary; Dictionary.com (Random House); Davis's Drug Guide (F.A. Davis, via Unbound Medicine; bold = stressed syllable)
265	symbicort	brand	already-correct	high		Symbicort	sˈɪmbɪkˌɔɹt	sˈɪmbɪkˌɔɹt	sˈɪmbɪkˌɔːt	right		DailyMed label (AstraZeneca), Patient Information
266	pancrelipase	generic	corrected	medium	yes	pancrelipase	pænkɹˈɛləpˌAs	pˌæŋkɹəlˈɪpˌAs	pˌaŋkɹəlˈɪpˌAs	wrong		MedlinePlus (ASHP); Wiktionary; Davis's Drug Guide (F.A. Davis, via Unbound Medicine; bold = stressed syllable)
267	sildenafil	generic	already-correct	high		sildenafil	sˌɪldˈɛnəfəl	sˌɪldˈɛnəfəl	sɪldˈɛnəfɪl	right		MedlinePlus (ASHP); Wiktionary
268	anastrozole	generic	corrected	high	yes	anastrozole	ænˈæstɹəzˌOl	ænˈæstɹəzˌOl	ənˈastɹəzˌQl	right		MedlinePlus (ASHP); Wiktionary; Dictionary.com (Random House; British from Collins); NCI Dictionary of Cancer Terms (glossary API)
269	methadone	generic	already-correct	high		methadone	mˈɛθədˌOn	mˈɛθədˌOn	mˈɛθədQn	right		MedlinePlus (ASHP); Wiktionary
270	glycopyrrolate	generic	corrected	high	yes	glycopyrrolate	ɡlˌIkOpˈɪɹəlˌAt	ɡlˌIkOpˈIɹOlˌAt	ɡlˌIkQpˈIɹQlˌAt	wrong		MedlinePlus (ASHP); Davis's Drug Guide (Unbound Medicine); Wikipedia (Glycopyrronium bromide, infobox)
271	nebivolol	generic	corrected	high	yes	nebivolol	nəbˈɪvəlɔl	nəbˈɪvəlɔl	nəbˈɪvəlɒl	right		MedlinePlus (ASHP)
272	pamoate	salt	already-correct	low		pamoate	pˈæmOˌAt	pˈæmOˌAt	pˈamQˌAt	right		American Heritage Dictionary; Wiktionary
273	dimesylate	salt	corrected	medium	yes	dimesylate	dˈImsəlˌAt	dImˈɛsəlˌAt	dImˈɛsəlˌAt	partial		American Heritage Dictionary
274	mesalamine	generic	corrected	high	yes	mesalamine	mˌɛzələmˈin	məsˈæləmˌin	məsˈaləmˌiːn	wrong		MedlinePlus (ASHP); American Heritage Dictionary
275	oseltamivir	generic	corrected	high	yes	oseltamivir	Osˈɛltəmɪvəɹ	ˌOsɛltˈæmɪvˌɪɹ	ˌQsɛltˈamɪvˌɪə	wrong		MedlinePlus (ASHP); Wiktionary; American Heritage Dictionary
276	bumetanide	generic	corrected	high	yes	bumetanide	bjˈumtənˌId	bjumˈɛtənˌId	bjuːmˈɛtənˌId	partial		MedlinePlus (ASHP); American Heritage Dictionary
277	metoclopramide	generic	corrected	high	yes	metoclopramide	mˌitəklˈɑpɹəmˌId	mˌɛtOklˈOpɹəmˌId	mˌɛtQklˈQpɹəmId	wrong		MedlinePlus (ASHP); Wiktionary; American Heritage Dictionary; Dictionary.com (Random House; British from Collins)
278	colchicine	generic	already-correct	high		colchicine	kˈɑlʧəsˌin	kˈɑlʧəsˌin	kˈɒlʧɪsiːn	right		MedlinePlus (ASHP); Wiktionary
279	gluconate	generic	already-correct	high		gluconate	ɡlˈukənˌAt	ɡlˈukənˌAt	ɡlˈuːkənˌAt	right		MedlinePlus (ASHP)
280	carbidopa	generic	already-correct	high		carbidopa	kɑɹbidˈOpə	kɑɹbidˈOpə	kɑːbidˈQpə	right		MedlinePlus (ASHP); Wiktionary; American Heritage Dictionary
281	tacrolimus	generic	corrected	high	yes	tacrolimus	təkɹˈɑləməs	təkɹˈOləməs	təkɹˈQlɪməs	partial		MedlinePlus (ASHP); Wiktionary; American Heritage Dictionary
282	levodopa	generic	corrected	high	yes	levodopa	lˌɛvədˈOpə	lˌivOdˈOpə	lˌiːvQdˈQpə	wrong		MedlinePlus (ASHP); American Heritage Dictionary; Dictionary.com (Random House; British from Collins); Wiktionary
283	gluconate	salt	already-correct	high		gluconate	ɡlˈukənˌAt	ɡlˈukənˌAt	ɡlˈuːkənˌAt	right		MedlinePlus (ASHP)
284	rimegepant	generic	corrected	high	yes	rimegepant	ɹImˈɛʤpənt	ɹɪmˈɛʤəpˌænt	ɹɪmˈɛʤəpˌant	wrong		MedlinePlus (ASHP); Davis's Drug Guide (Unbound Medicine); DailyMed label (Pfizer), Nurtec ODT Patient Information
285	drospirenone	generic	already-correct	medium		drospirenone	dɹOspˈɪɹənˌOn	dɹOspˈɪɹənˌOn	dɹQspˈɪɹənˌQn	right		MedlinePlus (ASHP); Wiktionary; American Heritage Dictionary
286	telmisartan	generic	corrected	high	yes	telmisartan	tˌɛlmɪsˈɑɹtən	tˌɛlmɪsˈɑɹtˌæn	tˌɛlmɪsˈɑːtˌan	partial		MedlinePlus (ASHP); American Heritage Dictionary; Davis's Drug Guide (Unbound Medicine); Wiktionary
287	shingrix	brand	already-correct	medium		Shingrix	ʃˈɪŋɡɹɪks	ʃˈɪŋɡɹɪks	ʃˈɪŋɡɹɪks	right		Drugs.com (search-result text; the page refuses automated fetches)
288	etonogestrel	generic	corrected	high	yes	etonogestrel	ɪtˈɑnəʤəstɹəl	ˌitOnOʤˈɛstɹəl	ˌiːtQnQʤˈɛstɹəl	wrong		American Heritage Dictionary; Davis's Drug Guide (Unbound Medicine); MedlinePlus (ASHP); DailyMed label (Organon), Nexplanon
289	medoxomil	salt	already-correct	high		medoxomil	mədˈɑksəməl	mədˈɑksəməl	mədˈɒksəməl	right		American Heritage Dictionary; Davis's Drug Guide (Unbound Medicine)
290	phentermine	generic	corrected	high	yes	phentermine	fˌɛntˈɜɹmˌin	fˈɛntəɹmˌin	fˈɛntəmˌiːn	partial		MedlinePlus (ASHP); American Heritage Dictionary; Dictionary.com (Random House; British from Collins)
291	lansoprazole	generic	corrected	high	yes	lansoprazole	lˈænsəpɹˌæzˌOl	lænsˈOpɹəzˌOl	lansˈQpɹəzˌQl	wrong		MedlinePlus (ASHP); Wiktionary; American Heritage Dictionary
292	bisoprolol	generic	corrected	high	yes	bisoprolol	bˌIsəpɹˈOləl	bɪsˈOpɹəlˌɔl	bɪsˈQpɹəlɒl	wrong		MedlinePlus (ASHP); Davis's Drug Guide (Unbound Medicine); American Heritage Dictionary; Wiktionary
293	carbamazepine	generic	already-correct	high		carbamazepine	kˌɑɹbəmˈæzəpin	kˌɑɹbəmˈæzəpin	kˌɑːbəmˈAzɪpiːn	right		MedlinePlus (ASHP); Wiktionary
294	flecainide	generic	corrected	medium	yes	flecainide	flˈɛkənˌId	flɛkˈAnˌId	flɛkˈAnId	partial		MedlinePlus (ASHP); Davis's Drug Guide (Unbound Medicine); Wiktionary; American Heritage Dictionary; Wikipedia (Flecainide, infobox)
295	medroxyprogesterone	generic	corrected	high	yes	medroxyprogesterone	mˌɛdɹəksˈIpɹəʤˌɛstəɹˌOn	mədɹˌɑksipɹOʤˈɛstəɹˌOn	mɛdɹˌɒksɪpɹəʤˈɛstəɹQn	wrong		MedlinePlus (ASHP); Davis's Drug Guide (Unbound Medicine); Wiktionary
296	neomycin	generic	already-correct	high		neomycin	nˌiOmˈIsᵊn	nˌiOmˈIsᵊn	nˌiːQmˈIsɪn	right		MedlinePlus (ASHP); Wiktionary
297	myrbetriq	brand	corrected	high	yes	Myrbetriq	məɹbˈɛtɹɪk	mɪɹbˈɛtɹɪk	mɪəbˈɛtɹɪk	partial		DailyMed label (Astellas), Patient Information; MedlinePlus (ASHP), generic mirabegron
298	pramipexole	generic	corrected	high	yes	pramipexole	pɹˌAmɪpˈɛksˌOl	pɹˌæmɪpˈɛksˌOl	pɹˌamɪpˈɛksQl	partial		MedlinePlus (ASHP); Wiktionary; American Heritage Dictionary
299	rizatriptan	generic	corrected	medium	yes	rizatriptan	ɹˌIzətɹˈɪptən	ɹˌIzətɹˈɪptˌæn	ɹˌIzətɹˈɪptˌan	partial		MedlinePlus (ASHP); Davis's Drug Guide (Unbound Medicine); American Heritage Dictionary
300	carbonate	generic	already-correct	high		carbonate	kˈɑɹbənˌAt	kˈɑɹbənˌAt	kˈɑːbənAt	right		MedlinePlus (ASHP); Wiktionary
301	carbonate	salt	already-correct	high		carbonate	kˈɑɹbənˌAt	kˈɑɹbənˌAt	kˈɑːbənAt	right		MedlinePlus (ASHP); Wiktionary
302	epinephrine	generic	already-correct	high		epinephrine	ˌɛpənˈɛfɹən	ˌɛpənˈɛfɹən	ˌɛpɪnˈɛfɹɪn	right		MedlinePlus (ASHP); Wiktionary
303	solifenacin	generic	corrected	high	yes	solifenacin	səlˈɪfənəsən	sˌɑlɪfˈɛnəsɪn	sˌɒlɪfˈɛnəsɪn	wrong		MedlinePlus (ASHP); DailyMed label (VESIcare), Patient Information
304	mometasone	generic	corrected	high	yes	mometasone	mˈɑmətəsən	mOmˈɛtəsˌOn	mQmˈɛtəsˌQn	wrong		MedlinePlus (ASHP)
305	terazosin	generic	corrected	high	yes	terazosin	tˌɛɹəzˈOzɪn	təɹˈAzəsɪn	təɹˈAzəsɪn	wrong		MedlinePlus (ASHP); Wiktionary
306	dupilumab	generic	corrected	medium	yes	dupilumab	dupˈɪljumˌæb	dupˈɪljumˌæb	djuːpˈɪljuːmˌab	right		MedlinePlus (ASHP)
307	ramipril	generic	corrected	high	yes	ramipril	ɹˈæmɪpɹɪl	ɹəmˈɪpɹɪl	ɹəmˈɪpɹɪl	partial		MedlinePlus (ASHP); Davis's Drug Guide (Unbound Medicine)
308	respimat	device	already-correct	high		Respimat	ɹˈɛspəmˌæt	ɹˈɛspəmˌæt	ɹˈɛspəmˌat	right		DailyMed label (Boehringer Ingelheim), Spiriva Respimat
309	calcitriol	generic	corrected	high	yes	calcitriol	kˈælsətɹiəl	kˌælsɪtɹˈIˌɔl	kˌalsɪtɹˈIɒl	wrong		MedlinePlus (ASHP); Wiktionary; American Heritage Dictionary
310	dihydrochloride	salt	corrected	medium	yes	dihydrochloride	dˌɪhˈIdɹOklˌɔɹId	dIhˌIdɹəklˈɔɹˌId	dIhˌIdɹQklˈɔːɹId	wrong		American Heritage Dictionary
311	benztropine	generic	corrected	medium	yes	benztropine	bˈɛnztɹəpˌIn	bˈɛnztɹOpˌin	bˈɛnztɹQpˌiːn	wrong		MedlinePlus (ASHP); Davis's Drug Guide (Unbound Medicine); Wiktionary
312	omega	generic	already-correct	high		omega	OmˈAɡə	OmˈAɡə	ˈQmɪɡə	right		Wiktionary
313	linzess	brand	corrected	high	yes	Linzess	lˈɪnzəs	lɪnzˈɛs		partial		DailyMed label (AbbVie/Ironwood), Medication Guide
314	vyvanse	brand	already-correct	high		Vyvanse	vˈIvˌæns	vˈIvˌæns	vˈIvˌans	right		DailyMed label (Takeda), Medication Guide (effective 4/2026); Wikipedia (Lisdexamfetamine); Drugs.com (search-result text; the page refuses automated fetches)
315	citrate	generic	already-correct	high		citrate	sˈɪtɹˌAt	sˈɪtɹˌAt	sˈɪtɹAt	right		MedlinePlus (ASHP); Wiktionary; American Heritage Dictionary
316	citrate	salt	already-correct	high		citrate	sˈɪtɹˌAt	sˈɪtɹˌAt	sˈɪtɹAt	right		MedlinePlus (ASHP); Wiktionary; American Heritage Dictionary
317	pseudoephedrine	generic	corrected	high	yes	pseudoephedrine	sˌudOˈɛfədɹᵊn	sˌudOɪfˈɛdɹɪn	sjˌuːdQˈɛfɪdɹiːn	wrong		MedlinePlus (ASHP); Wiktionary; Dictionary.com (Random House; British from Collins)
318	protease	generic	already-correct	high		protease	pɹˈOTiˌAz	pɹˈOTiˌAz	pɹˈQtɪAz	right		Wiktionary; American Heritage Dictionary
319	liothyronine	generic	corrected	high	yes	liothyronine	lˌIəθˈIɹənˌIn	lˌIOθˈIɹənˌin	lˌIQθˈIɹənˌiːn	wrong		MedlinePlus (ASHP); Wiktionary
320	humalog	brand	corrected	high	yes	Humalog	hjˈuməlˌɔɡ	hjˈuməlˌɔɡ	hjˈuːməlˌɒɡ	right		DailyMed label (Eli Lilly), Patient Information
321	flexpen	device	already-correct	medium		FlexPen	flˈɛkspˌɛn	flˈɛkspˌɛn	flˈɛkspˌɛn	right		DailyMed label (Novo Nordisk), NovoLog; FDA label for NovoLog (Novo Nordisk), 2023
322	loperamide	generic	already-correct	high		loperamide	lOpˈɛɹəmˌId	lOpˈɛɹəmˌId	lQpˈɛɹəmId	right		MedlinePlus (ASHP); Wiktionary
323	dexlansoprazole	generic	corrected	high	yes	dexlansoprazole	dɛkslˈænsəpɹəzˌOl	dˌɛkslænsˈOpɹəzˌOl	dˌɛkslansˈQpɹəzˌQl	partial		MedlinePlus (ASHP); Wiktionary
324	labetalol	generic	corrected	high	yes	labetalol	lɑbɛtɑlˈɔl	ləbˈɛtəlˌɔl	ləbˈiːtəlɒl	wrong		MedlinePlus (ASHP); Wiktionary; Dictionary.com (Random House; British from Collins)
325	ciclopirox	generic	corrected	high	yes	ciclopirox	sˈɪkləpˌIɹɑks	sˌIklOpˈɪɹɑks	sˌIklQpˈɪəɹɒks	wrong		MedlinePlus (ASHP), Ciclopirox Topical; Davis's Drug Guide (F.A. Davis, via Unbound Medicine; bold = stressed syllable)
326	minoxidil	generic	already-correct	high		minoxidil	mənˈɑksədˌɪl	mənˈɑksədˌɪl	mɪnˈɒksɪdɪl	right		MedlinePlus (ASHP), Minoxidil; Wiktionary
327	lactulose	generic	already-correct	high		lactulose	lˈæktjəlOs	lˈæktjəlOs	lˈaktjʊlQz	right		MedlinePlus (ASHP), Lactulose; Wiktionary
328	suboxone	brand	corrected	high	yes	Suboxone	sˌʌbəksˈOni	sʌbˈɑksˌOn	sʌbˈɒksˌQn	wrong		DailyMed label (Indivior), Medication Guide
329	amylase	generic	already-correct	high		amylase	ˈæməlˌAs	ˈæməlˌAs	ˈamɪlAz	right		Wiktionary
330	lipase	generic	already-correct	medium		lipase	lˈɪpˌAs	lˈɪpˌAs	lˈIpAz	right		Wiktionary; MedlinePlus (ASHP), Pancrelipase; Davis's Drug Guide (F.A. Davis, via Unbound Medicine; bold = stressed syllable); American Heritage Dictionary; Dictionary.com (Random House; Collins for British)
331	valproate	generic	already-correct	medium		valproate	vælpɹˈOˌAt	vælpɹˈOˌAt	vˈalpɹQAt	right		Davis's Drug Guide (F.A. Davis, via Unbound Medicine; bold = stressed syllable); American Heritage Dictionary; MedlinePlus (ASHP), Valproic Acid; Wiktionary
332	arexvy	brand	already-correct	medium		Arexvy	əɹˈɛksvi	əɹˈɛksvi	əɹˈɛksvi	right		Drugs.com (search-result text; the page refuses automated fetches)
333	ticagrelor	generic	corrected	medium	yes	ticagrelor	tˈɪkəɡɹˌɛləɹ	tIkˈæɡɹəlˌɔɹ	tIkˈaɡɹəlˌɔː	wrong		MedlinePlus (ASHP), Ticagrelor; Davis's Drug Guide (F.A. Davis, via Unbound Medicine; bold = stressed syllable); DailyMed label (AstraZeneca), Brilinta Medication Guide
334	moxifloxacin	generic	already-correct	high		moxifloxacin	mˌɑksəflˈɑksən	mˌɑksəflˈɑksən	mˌɒksəflˈɒksən	right		MedlinePlus (ASHP), Moxifloxacin
335	flextouch	device	corrected	medium	yes	FlexTouch	flˈɛkstˌWʧ	flˈɛkstˌʌʧ		partial		DailyMed label (Novo Nordisk), NovoLog; FDA label for NovoLog (Novo Nordisk), 2023
336	diphenhydramine	generic	already-correct	high		diphenhydramine	dˌIfɛnhˈIdɹəmin	dˌIfɛnhˈIdɹəmin	dˌIfɛnhˈIdɹəmiːn	right		MedlinePlus (ASHP), Diphenhydramine Topical; Wiktionary
337	fluoride	generic	already-correct	high		fluoride	flˈʊɹˌId	flˈʊɹˌId	flˈʊəɹId	right		MedlinePlus (ASHP), Fluoride; Wiktionary
338	breo	brand	already-correct	medium		Breo	bɹˈiO	bɹˈiO	bɹˈiːQ	right		DailyMed label (GSK), Patient Information
339	butalbital	generic	corrected	medium	yes	butalbital	bjutˈælbətəl	bjutˈælbɪtˌæl	bjuːtˈalbɪtˌal	wrong		MedlinePlus (ASHP), Acetaminophen, Butalbital, and Caffeine; Davis's Drug Guide (F.A. Davis, via Unbound Medicine; bold = stressed syllable); Dictionary.com (Random House), barbital (family)
340	caffeine	generic	ordinary-word			caffeine	kæfˈin					MedlinePlus (ASHP), Ergotamine and Caffeine; Davis's Drug Guide (F.A. Davis, via Unbound Medicine; bold = stressed syllable); Wiktionary
341	spiriva	brand	already-correct	high		Spiriva	spɪɹˈivə	spɪɹˈivə	spɪɹˈiːvə	right		DailyMed label (Boehringer Ingelheim), Patient Information
342	novolog	brand	corrected	high	yes	NovoLog	nˈɑvəlˌɔɡ	nˈOvOlˌɔɡ	nˈQvQlˌɒɡ	wrong		DailyMed label (Novo Nordisk), Patient Information and Instructions for Use; FDA label for NovoLog (Novo Nordisk), 2023, Patient Information and Instructions for Use; St. Jude Together, NovoLog FlexPen
343	terbinafine	generic	corrected	high	yes	terbinafine	tˈɜɹbɪnəfˌIn	təɹbˈɪnəfˌin	təbˈɪnəfˌiːn	wrong		MedlinePlus (ASHP), Terbinafine; Wiktionary; American Heritage Dictionary; Davis's Drug Guide (F.A. Davis, via Unbound Medicine; bold = stressed syllable)
344	lactate	generic	corrected	high	yes	lactate	lˈæktˌAt	lˈæktˌAt	lˈaktˌAt	right		Wiktionary; MedlinePlus (ASHP), Ammonium Lactate Topical; Dictionary.com (Random House; Collins for British); American Heritage Dictionary; Google Books Ngram Viewer (POS-tagged), 2010-2019
345	lactate	salt	corrected	high	yes	lactate	lˈæktˌAt	lˈæktˌAt	lˈaktˌAt	right		Wiktionary; MedlinePlus (ASHP), Ammonium Lactate Topical; Dictionary.com (Random House; Collins for British); American Heritage Dictionary; Google Books Ngram Viewer (POS-tagged), 2010-2019
346	alfuzosin	generic	already-correct	high		alfuzosin	ˌælfjˈuzOsɪn	ˌælfjˈuzOsɪn	ˌalfjˈuːzQsɪn	right		MedlinePlus (ASHP), Alfuzosin; Wiktionary
347	furoate	salt	already-correct	low		furoate	fjˈʊɹOˌAt	fjˈʊɹOˌAt	fjˈʊɹQˌAt	right		Wiktionary; DailyMed label (Organon), Asmanex HFA Patient Information; MedlinePlus (ASHP), Mometasone Nasal Spray
348	melatonin	generic	already-correct	high		melatonin	mˌɛlətˈOnən	mˌɛlətˈOnən	mˌɛlətˈQnɪn	right		Wiktionary
349	iron	generic	ordinary-word			iron	ˈIəɹn					MedlinePlus (ASHP), Iron Sucrose Injection; Wiktionary
350	tresiba	brand	already-correct	high		Tresiba	tɹɛsˈibə	tɹɛsˈibə	tɹɛsˈiːbə	right		DailyMed label (Novo Nordisk); Novo Nordisk, NovoMedLink Tresiba FAQ
351	guaifenesin	generic	corrected	high	yes	guaifenesin	ɡwˌIfˈɛnəsɪn	ɡwˌIfˈɛnəsɪn	ɡwˌIfˈɛnɪsɪn	right		MedlinePlus (ASHP), Guaifenesin; Wiktionary
352	brompheniramine	generic	corrected	high	yes	brompheniramine	bɹˌɑmfənˈɪɹəmˌin	bɹˌOmfənˈɪɹəmˌin	bɹˌɒmfənˈɪɹəmˌiːn	partial		MedlinePlus (ASHP), Brompheniramine; Davis's Drug Guide (F.A. Davis, via Unbound Medicine; bold = stressed syllable); Dictionary.com (Random House); Wiktionary
353	cyproheptadine	generic	already-correct	high		cyproheptadine	sˌIpɹOhˈɛptədˌin	sˌIpɹOhˈɛptədˌin	sˌIpɹQhˈɛptədˌiːn	right		MedlinePlus (ASHP), Cyproheptadine; Davis's Drug Guide (F.A. Davis, via Unbound Medicine; bold = stressed syllable); Wiktionary; Dictionary.com (Random House); American Heritage Dictionary
354	fexofenadine	generic	corrected	high	yes	fexofenadine	fɛksOfənˈAdin	fˌɛksOfˈɛnədˌin	fˌɛksQfˈɛnədˌiːn	wrong		MedlinePlus (ASHP), Fexofenadine; Davis's Drug Guide (F.A. Davis, via Unbound Medicine; bold = stressed syllable)
355	letrozole	generic	already-correct	high		letrozole	lˈɛtɹəzˌOl	lˈɛtɹəzˌOl	lˈɛtɹəzˌQl	right		MedlinePlus (ASHP), Letrozole; Wiktionary
356	detemir	generic	already-correct	high		detemir	dˈɛtəmɪɹ	dˈɛtəmɪɹ	dˈɛtəmɪə	right		MedlinePlus (ASHP), Insulin Detemir (rDNA Origin) Injection; Wikipedia (Insulin detemir), infobox; Davis's Drug Guide (F.A. Davis, via Unbound Medicine; bold = stressed syllable)
357	basaglar	brand	corrected	medium	yes	Basaglar	bˈAsəɡləɹ	bˈæzəɡlˌɑɹ	bˈazəɡlˌɑː	wrong		DailyMed label (Eli Lilly), Patient Information heading; Eli Lilly, Basaglar consumer site
358	haloperidol	generic	already-correct	high		haloperidol	hˌælOpˈɛɹədɔl	hˌælOpˈɛɹədɔl	hˌalQpˈɛɹɪdɒl	right		MedlinePlus (ASHP), Haloperidol Injection; Wiktionary
359	icosapent	generic	corrected	high	yes	icosapent	ˌIkOsˈApənt	IkˈOsəpˌɛnt	IkˈQsəpˌɛnt	wrong		MedlinePlus (ASHP), Icosapent Ethyl; Davis's Drug Guide (F.A. Davis, via Unbound Medicine; bold = stressed syllable)
360	paxlovid	brand	corrected	high	yes	Paxlovid	pˈæksləvɪd	pækslˈOvɪd	pakslˈQvɪd	partial		DailyMed label (Pfizer), Patient Information; Wiktionary
361	ubrogepant	generic	corrected	high	yes	ubrogepant	jubɹˈɑʤpənt	jubɹˈOʤəpˌænt	juːbɹˈQʤəpˌant	wrong		MedlinePlus (ASHP), Ubrogepant; Davis's Drug Guide (F.A. Davis, via Unbound Medicine; bold = stressed syllable)
362	repatha	brand	already-correct	high		Repatha	ɹipˈæθə	ɹipˈæθə	ɹipˈaθə	right		DailyMed label (Amgen), Patient Information and Instructions for Use (effective 8/2026); Drugs.com (search-result text; the page refuses automated fetches)
363	linagliptin	generic	corrected	high	yes	linagliptin	lˈɪnəɡlˌɪptɪn	lˌɪnəɡlˈɪptɪn	lˌɪnəɡlˈɪptɪn	partial		MedlinePlus (ASHP), Linagliptin; Davis's Drug Guide (F.A. Davis, via Unbound Medicine; bold = stressed syllable)
364	penicillin	generic	already-correct	high		penicillin	pˌɛnəsˈɪlən	pˌɛnəsˈɪlən	pˌɛnɪsˈɪlɪn	right		MedlinePlus (ASHP), Penicillin G (Potassium, Sodium) Injection; Wiktionary
365	paliperidone	generic	already-correct	high		paliperidone	pˌælɪpˈɛɹədˌOn	pˌælɪpˈɛɹədˌOn	pˌalɪpˈɛɹədˌQn	right		MedlinePlus (ASHP), Paliperidone; Wiktionary
366	cefuroxime	generic	corrected	high	yes	cefuroxime	sɪfjˈʊɹɑksˌIm	səfjʊɹˈɑksim	səfjʊəɹˈɒksiːm	wrong		MedlinePlus (ASHP), Cefuroxime; Davis's Drug Guide (F.A. Davis, via Unbound Medicine; bold = stressed syllable); Wiktionary
367	lurasidone	generic	corrected	high	yes	lurasidone	lʊɹɑsidˈOni	luɹˈæsɪdˌOn	luːɹˈasɪdˌQn	wrong		MedlinePlus (ASHP), Lurasidone; Davis's Drug Guide (F.A. Davis, via Unbound Medicine; bold = stressed syllable)
368	doxepin	generic	already-correct	high		doxepin	dˈɑksɪpɪn	dˈɑksɪpɪn	dˈɒksɪpɪn	right		MedlinePlus (ASHP), Doxepin Topical; Wiktionary
369	midodrine	generic	corrected	high	yes	midodrine	mˈɪdədɹˌIn	mˈIdOdɹˌin	mˈIdQdɹˌiːn	wrong		MedlinePlus (ASHP), Midodrine; Davis's Drug Guide (F.A. Davis, via Unbound Medicine; bold = stressed syllable)
370	nabumetone	generic	corrected	high	yes	nabumetone	nˈæbjumtˌOn	nəbjˈumətˌOn	nəbjˈuːmətˌQn	wrong		MedlinePlus (ASHP), Nabumetone; Davis's Drug Guide (F.A. Davis, via Unbound Medicine; bold = stressed syllable)
371	norelgestromin	generic	already-correct	medium		norelgestromin	nˌɔɹəlʤˈɛstɹəmɪn	nˌɔɹəlʤˈɛstɹəmɪn	nˌɔːɹəlʤˈɛstɹəmɪn	right		Davis's Drug Guide (F.A. Davis, via Unbound Medicine; bold = stressed syllable); DailyMed label (Mylan), Xulane Patient Information
372	heparin	generic	already-correct	high		heparin	hˈɛpəɹən	hˈɛpəɹən	hˈɛpəɹɪn	right		MedlinePlus (ASHP), Heparin Injection; Wiktionary
373	peroxide	generic	already-correct	high		peroxide	pəɹˈɑksˌId	pəɹˈɑksˌId	pəɹˈɒksId	right		MedlinePlus (ASHP), Clindamycin and Benzoyl Peroxide Topical; Wiktionary
374	clozapine	generic	already-correct	high		clozapine	klˈOzəpˌin	klˈOzəpˌin	klˈQzəpiːn	right		MedlinePlus (ASHP), Clozapine; Wiktionary
375	cariprazine	generic	corrected	high	yes	cariprazine	kˈɛɹəpɹəzˌin	kɑɹˈɪpɹəzˌin	kɑːɹˈɪpɹəzˌiːn	wrong		MedlinePlus (ASHP), Cariprazine; Davis's Drug Guide (F.A. Davis, via Unbound Medicine; bold = stressed syllable); Wikipedia (Cariprazine), infobox; Kaiser Permanente drug encyclopedia (seen in web search result text; the page refuses automated fetches)
376	vraylar	brand	corrected	high	yes	Vraylar	vɹˈAləɹ	vɹˈAlˌɑɹ	vɹˈAlˌɑː	partial		DailyMed label (AbbVie), Medication Guide
377	tdap	brand	corrected	low	yes	Tdap	tˈidˌipˌi	tˈidˌæp	tˈiːdˌap	wrong		Wiktionary (Tdap)
378	nicotine	generic	already-correct	high		nicotine	nˈɪkətˌin	nˈɪkətˌin	nˈɪkətiːn	right		MedlinePlus (ASHP), Nicotine Transdermal Patch; Wiktionary
379	benzoate	generic	already-correct	high		benzoate	bˈɛnzOˌAt	bˈɛnzOˌAt	bˈɛnzQAt	right		Wiktionary
380	mycophenolate	generic	corrected	high	yes	mycophenolate	mˌIkəfˈɛnəlˌAt	mˌIkOfˈɛnəlˌAt	mˌIkQfˈɛnəlˌAt	partial		MedlinePlus (ASHP), Mycophenolate; Wiktionary; Davis's Drug Guide (F.A. Davis, via Unbound Medicine; bold = stressed syllable)
381	digoxin	generic	already-correct	high		digoxin	dəʤˈɑksən	dəʤˈɑksən	dɪʤˈɒksɪn	right		MedlinePlus (ASHP), Digoxin; Wiktionary
382	aerosphere	device	already-correct	high		Aerosphere	ˈɛɹOsfˌɪɹ	ˈɛɹOsfˌɪɹ	ˈɛːɹQsfɪə	right		DailyMed label (AstraZeneca), Bevespi Aerosphere, Patient Information and Instructions for Use; FDA proprietary name review, NDA 212122 (16 Apr 2020), applicant's intended pronunciation; Healthify NZ, Breztri factsheet (Samoan)
383	sennosides	generic	already-correct	low		sennosides	sˈɛnəsˌIdz	sˈɛnəsˌIdz	sˈɛnəsˌIdz	right		Wiktionary; Davis's Drug Guide (F.A. Davis, via Unbound Medicine; bold = stressed syllable); MedlinePlus (ASHP), Senna
384	restasis	brand	already-correct	high		Restasis	ɹistˈAsəs	ɹistˈAsəs	ɹistˈAsəs	right		DailyMed label (AbbVie), Restasis MultiDose Instructions for Use
385	benzoyl	generic	corrected	high	yes	benzoyl	bˈɛnzəwəl	bˈɛnzOɪl	bˈɛnzQɪl	wrong		MedlinePlus (ASHP), Clindamycin and Benzoyl Peroxide Topical; Wiktionary; American Heritage Dictionary; Dictionary.com (Random House; Collins for British)
386	anoro	brand	already-correct	high		Anoro	ɑnˈɔɹO	ɑnˈɔɹO	ɒnˈɔːɹQ	right		DailyMed label (GSK), Patient Information
387	humulin	brand	corrected	high	yes	Humulin	hjˌumjˈulɪn	hjˈumjəlɪn	hjˈuːmjʊlɪn	partial		DailyMed label (Eli Lilly), Patient Information
388	cypionate	salt	unresolved			cypionate	sˈɪpiənˌAt	sˈIpiənˌAt	sˈIpiənˌAt	partial		Wiktionary; Davis's Drug Guide (F.A. Davis, via Unbound Medicine; bold = stressed syllable)
389	tradjenta	brand	corrected	high	yes	Tradjenta	tɹəʤˈɛntə	tɹˈæʤɛntə	tɹˈaʤɛntə	partial		DailyMed label (Boehringer Ingelheim), Medication Guide heading
390	lacosamide	generic	corrected	high	yes	lacosamide	ləkˈɑsəmˌId	ləkˈOsəmˌId	ləkˈQsəmˌId	partial		MedlinePlus (ASHP), Lacosamide; Davis's Drug Guide (F.A. Davis, via Unbound Medicine; bold = stressed syllable)
391	ceftriaxone	generic	corrected	high	yes	ceftriaxone	sˌɛftɹiˈæksən	sˌɛftɹIˈæksOn	sˌɛftɹIˈaksQn	wrong		MedlinePlus (ASHP), Ceftriaxone Injection; Wiktionary
392	liraglutide	generic	corrected	high	yes	liraglutide	lˌɪɹˈæɡlətˌId	lˌɪɹəɡlˈutˌId	lˌɪɹəɡlˈuːtˌId	wrong		MedlinePlus (ASHP); Wiktionary
393	abrysvo	brand	corrected	medium	yes	Abrysvo	əbɹˈɪsvO	əbɹˈizvO	əbɹˈiːzvQ	wrong		Drugs.com (search-result text, seen in three searches; the page refuses automated fetches)
394	isotretinoin	generic	corrected	high	yes	isotretinoin	ˌIsətɹˈɛtənYn	ˌIsOtɹˈɛtɪnˌYn	ˌIsQtɹətˈɪnQɪn	wrong		MedlinePlus (ASHP); Wiktionary; Dictionary.com (Random House Unabridged)
395	fluorouracil	generic	corrected	high	yes	fluorouracil	flˌʊɹˈʊɹəsɪl	flˌʊɹOjˈʊɹəsˌɪl	flˌʊəɹQjˈʊəɹəsɪl	wrong		MedlinePlus (ASHP); Wiktionary
396	bictegravir	generic	corrected	high	yes	bictegravir	bˈɪktəɡɹəvˌɪɹ	bɪktˈɛɡɹəvˌɪɹ	bɪktˈɛɡɹəvˌɪə	partial		MedlinePlus (ASHP)
397	biktarvy	brand	already-correct	high		Biktarvy	bɪktˈɑɹvi	bɪktˈɑɹvi	bɪktˈɑːvi	right		DailyMed label (Gilead), Patient Information
398	vascepa	brand	corrected	high	yes	Vascepa	vɑsʧˈɛpə	væsˈipə	vasˈiːpə	wrong		DailyMed label (Amarin), Patient Information
399	dipropionate	salt	already-correct	medium		dipropionate	dɪpɹˈOpiənˌAt	dɪpɹˈOpiənˌAt	dɪpɹˈQpiənˌAt	right		Dictionary.com (Random House Unabridged); Wiktionary
400	fentanyl	generic	already-correct	high		fentanyl	fˈɛntənˌɪl	fˈɛntənˌɪl	fˈɛntənɪl	right		MedlinePlus (ASHP); Wiktionary; Dictionary.com (Random House Unabridged)
401	breztri	brand	corrected	medium	yes	Breztri	bɹˈɛztɹi	bɹɛztɹˈi	bɹɛztɹˈiː	partial		DailyMed label (AstraZeneca), Patient Information and Instructions for Use; FDA proprietary name review, NDA 212122 (16 Apr 2020), applicant's intended pronunciation; Healthify NZ, Breztri factsheet (Samoan)
402	mofetil	salt	corrected	high	yes	mofetil	mˈOftɪl	mˈOfətɪl	mˈQfətɪl	partial		Wiktionary
403	palmitate	salt	already-correct	medium		palmitate	pˈɑlmətˌAt	pˈɑlmətˌAt	pˈalmɪtAt	right		Dictionary.com (Random House Unabridged); American Heritage Dictionary
404	primidone	generic	already-correct	high		primidone	pɹˈɪmɪdˌOn	pɹˈɪmɪdˌOn	pɹˈɪmɪdˌQn	right		MedlinePlus (ASHP); Wiktionary
405	ammonium	generic	already-correct	high		ammonium	əmˈOniəm	əmˈOniəm	əmˈQnɪəm	right		MedlinePlus (ASHP); Wiktionary
406	bimatoprost	generic	corrected	high	yes	bimatoprost	bImˈAtəpɹˌOst	bɪmˈætəpɹˌɑst	bɪmˈatəpɹˌɒst	wrong		MedlinePlus (ASHP); Wiktionary
407	boostrix	brand	already-correct	low		Boostrix	bˈustɹɪks	bˈustɹɪks	bˈuːstɹɪks	right		spelling
408	rybelsus	brand	corrected	high	yes	Rybelsus	ɹˈɪbəlsəs	ɹɛbˈɛlsəs		wrong		DailyMed label (Novo Nordisk), Ozempic tablets and Rybelsus, Medication Guide (effective 8/2026); Novo Nordisk, NovoMedLink Rybelsus FAQ ('How do you pronounce RYBELSUS®?')
409	adderall	brand	already-correct	high		Adderall	ˈædəɹˌɔl	ˈædəɹˌɔl	ˈadəɹɔːl	right		DailyMed label (Teva), Medication Guide; Wiktionary
410	desogestrel	generic	corrected	high	yes	desogestrel	dˈɛsəʤəstɹəl	dˌɛsəʤˈɛstɹəl	dˌɛsəʤˈɛstɹəl	partial		Wiktionary; MedlinePlus (ASHP), Ethinyl Estradiol and Desogestrel monograph; American Heritage Dictionary
411	klor-con	brand	already-correct	low		Klor-Con	klˈɔɹkˌɑn	klˈɔɹkˌɑn	klˈɔːkˌɒn	right		spelling
412	lumigan	brand	already-correct	high		Lumigan	lˈumɪɡən	lˈumɪɡən	lˈuːmɪɡən	right		NCI Dictionary of Cancer Terms (cancer.gov glossary API)
413	naltrexone	generic	already-correct	high		naltrexone	næltɹˈɛksˌOn	næltɹˈɛksˌOn	naltɹˈɛksQn	right		MedlinePlus (ASHP); Wiktionary
414	gemtesa	brand	already-correct	high		Gemtesa	ʤɛmtˈɛsə	ʤɛmtˈɛsə	ʤɛmtˈɛsə	right		DailyMed label (Sumitomo/Urovant), Patient Information; FDA proprietary name review, NDA 213006 (Urovant), applicant's intended pronunciation; The Medical Letter, 'Vibegron (Gemtesa) for Overactive Bladder'
415	vibegron	generic	corrected	high	yes	vibegron	vˈIbɡɹˌɑn	vIbˈɛɡɹˌɑn	vIbˈɛɡɹˌɒn	partial		MedlinePlus (ASHP); DailyMed label (Sumitomo Pharma), Gemtesa Patient Information
416	epoetin	generic	already-correct	high		epoetin	ɪpˈOətɪn	ɪpˈOətɪn	ɪpˈQətɪn	right		MedlinePlus (ASHP)
417	invega	brand	already-correct	high		Invega	ˌɪnvˈAɡə	ˌɪnvˈAɡə	ˌɪnvˈAɡə	right		DailyMed label (Janssen), Invega Sustenna Patient Information heading
418	ranolazine	generic	corrected	high	yes	ranolazine	ɹˈænələzˌin	ɹənˈOləzˌin	ɹənˈQləzˌiːn	wrong		MedlinePlus (ASHP); Wiktionary
419	sucrose	generic	already-correct	high		sucrose	sˈukɹˌOs	sˈukɹˌOs	sjˈuːkɹQz	right		MedlinePlus (ASHP); Wiktionary
420	senna	generic	already-correct	high		senna	sˈɛnə	sˈɛnə	sˈɛnə	right		MedlinePlus (ASHP); Wiktionary
421	axetil	salt	already-correct	low		axetil	ˈæksətəl	ˈæksətəl	ˈaksətəl	right		analogy: mofetil (Wiktionary)
422	levalbuterol	generic	already-correct	high		levalbuterol	ləvˌælbjˈutəɹˌɔl	ləvˌælbjˈutəɹˌɔl	ləvˌalbjˈuːtəɹˌɔːl	right		MedlinePlus (ASHP); Davis's Drug Guide
423	toujeo	brand	already-correct	high		Toujeo	tˌuʤˈAO	tˌuʤˈAO	tˌuːʤˈAQ	right		DailyMed label (Sanofi), Patient Information and Instructions for Use; DailyMed label (A-S Medication Solutions, repackaged Sanofi label)
424	janumet	brand	corrected	high	yes	Janumet	ʤˈænjəmˌɛt	ʤˈænjumˌɛt	ʤˈanjuːmˌɛt	partial		DailyMed label (Merck), Patient Information
425	methimazole	generic	corrected	high	yes	methimazole	mˈɛθəməzˌOl	məθˈɪməzˌOl	mɪθˈɪməzˌQl	wrong		MedlinePlus (ASHP); Wiktionary
426	venofer	brand	already-correct	low		Venofer	vˈɛnəfəɹ	vˈɛnəfəɹ	vˈɛnəfə	right		DailyMed label (American Regent), prescribing information; spelling
427	hydromorphone	generic	already-correct	high		hydromorphone	hˌIdɹOmˈɔɹfˌOn	hˌIdɹOmˈɔɹfˌOn	hˌIdɹQmˈɔːfˌQn	right		MedlinePlus (ASHP)
428	tobramycin	generic	already-correct	high		tobramycin	tˌObɹəmˈIsɪn	tˌObɹəmˈIsɪn	tˌɒbɹəmˈIsɪn	right		MedlinePlus (ASHP); Wiktionary
429	wegovy	brand	covered	high		Wegovy	wiɡˈOvi					DailyMed label (Novo Nordisk); Wiktionary
430	beclomethasone	generic	corrected	high	yes	beclomethasone	bɪklˈʌmθəsˌOn	bˌɛklOmˈɛθəsˌOn	bˌɛklQmˈɛθəsˌQn	wrong		MedlinePlus (ASHP); Dictionary.com (Random House Unabridged); American Heritage Dictionary
431	brilinta	brand	already-correct	high		Brilinta	bɹɪlˈɪntə	bɹɪlˈɪntə	bɹɪlˈɪntə	right		DailyMed label (AstraZeneca), Medication Guide
432	olopatadine	generic	corrected	medium	yes	olopatadine	ˌOləpˈætədˌIn	ˌOlOpˈætədˌin	ˌQlQpˈatədˌiːn	wrong		MedlinePlus (ASHP); Davis's Drug Guide, olopatadine (nasal); MedlinePlus (ASHP), the -tadine family; DailyMed labels (Patanase; Ryaltris)
433	concerta	brand	corrected	high	yes	Concerta	kənʧˈɛɹtə	kɑnsˈɜɹtə	kɒnsˈɜːtə	wrong		DailyMed label (Janssen), Medication Guide heading
434	phenazopyridine	generic	corrected	high	yes	phenazopyridine	fˌinəzˈɑpˌɪɹɪdˌIn	fˌɛnəzOpˈɪɹɪdˌin	fˌɛnəzQpˈɪɹɪdˌiːn	wrong		MedlinePlus (ASHP); Dictionary.com (Random House Unabridged); Dictionary.com (Collins), pyridine
435	sotalol	generic	corrected	high	yes	sotalol	sˈɑtəlˌɑl	sˈOtəlˌɑl	sˈQtəlɒl	partial		MedlinePlus (ASHP); Wiktionary
436	senna	brand	already-correct	high		Senna	sˈɛnə	sˈɛnə	sˈɛnə	right		MedlinePlus (ASHP), Senna; Dictionary.com
437	atropine	generic	already-correct	high		atropine	ˈætɹəpˌin	ˈætɹəpˌin	ˈatɹəpiːn	right		MedlinePlus (ASHP); Wiktionary
438	carboxymethylcellulose	generic	corrected	high	yes	carboxymethylcellulose	kˌɑɹbɑksimˈɛθɪlsəlˌu	kɑɹbˌɑksimˌɛθəlsˈɛljəlˌOs	kɑːbˌɒksimˌɛθəlsˈɛljʊlˌQs	wrong		Dictionary.com (Random House Unabridged)
439	ziprasidone	generic	already-correct	high		ziprasidone	zɪpɹˈæsɪdˌOn	zɪpɹˈæsɪdˌOn	zɪpɹˈasɪdˌQn	right		Wiktionary; American Heritage Dictionary; Davis's Drug Guide; MedlinePlus (ASHP)
440	prochlorperazine	generic	already-correct	high		prochlorperazine	pɹˌOklɔɹpˈɛɹəzˌin	pɹˌOklɔɹpˈɛɹəzˌin	pɹˌQklɔːpˈɛɹəziːn	right		MedlinePlus (ASHP); Wiktionary
441	indomethacin	generic	corrected	high	yes	indomethacin	ˌɪndəmˈɛθəsən	ˌɪndOmˈɛθəsɪn	ˌɪndQmˈɛθəsɪn	wrong		MedlinePlus (ASHP); Wiktionary; Dictionary.com (Random House Unabridged); American Heritage Dictionary
442	refresh	brand	ordinary-word			Refresh	ɹˈifɹˌɛʃ					
443	humira	brand	corrected	high	yes	Humira	humˈɪɹə	hjumˈɛɹə	hjuːmˈɛːɹə	wrong		DailyMed label (AbbVie), Medication Guide heading
444	varenicline	generic	corrected	high	yes	varenicline	vəɹˈɛnɪklˌIn	vəɹˈɛnɪklˌin	vəɹˈɛnɪklˌiːn	partial		MedlinePlus (ASHP); Wiktionary
445	phenytoin	generic	corrected	medium	yes	phenytoin	fˈɛnətˌOən	fˈɛnɪtˌYn	fˌɛnɪtˈQɪn	wrong		MedlinePlus (ASHP); Davis's Drug Guide; American Heritage Dictionary; Dictionary.com (Random House Unabridged; Collins British); Wiktionary
446	eszopiclone	generic	corrected	high	yes	eszopiclone	ˌɛsəpiklˈOn	ɛszˈOpɪklˌOn	ɛszˈQpɪklˌQn	wrong		MedlinePlus (ASHP); DailyMed label (Waylis), Lunesta Medication Guide
447	gemfibrozil	generic	corrected	high	yes	gemfibrozil	ɡˈɛmfɪbɹOzəl	ʤɛmfˈIbɹəzˌɪl	ʤɛmfˈIbɹQzɪl	wrong		MedlinePlus (ASHP); Wiktionary; American Heritage Dictionary; Dictionary.com (Random House Unabridged); Davis's Drug Guide
448	dutasteride	generic	corrected	high	yes	dutasteride	dutˈæstəɹˌId	dutˈæstəɹˌId	djuːtˈastəɹˌId	right		MedlinePlus (ASHP); Wiktionary
449	hydroquinone	generic	already-correct	medium		hydroquinone	hˌIdɹəkwˈɪnˌOn	hˌIdɹəkwˈɪnˌOn	hˌIdɹəkwˈɪnQn	right		Wiktionary; Dictionary.com (Random House Unabridged); American Heritage Dictionary
450	incruse	brand	corrected	high	yes	Incruse	ɪnkɹˈuz	ˈɪnkɹˌuz	ˈɪnkɹˌuːz	partial		DailyMed label (GSK), Patient Information and Instructions for Use
451	trintellix	brand	already-correct	high		Trintellix	tɹɪntˈɛlɪks	tɹɪntˈɛlɪks	tɹɪntˈɛlɪks	right		DailyMed label (Takeda), Medication Guide
452	vortioxetine	generic	corrected	high	yes	vortioxetine	vˌɔɹʃiˈɑksətin	vˌɔɹtIˈɑksətˌin	vˌɔːtIˈɒksətˌiːn	wrong		MedlinePlus (ASHP)
453	fluocinonide	generic	corrected	high	yes	fluocinonide	fluˈɑsənənˌId	flˌuOsˈɪnOnˌId	flˌuːQsˈɪnQnˌId	wrong		MedlinePlus (ASHP)
454	creon	brand	corrected	high	yes	Creon	kɹˈiən	kɹˈiˌɑn	kɹˈiːˌɒn	partial		DailyMed label (AbbVie), Medication Guide heading; Wiktionary (Creon); Dictionary.com (Creon, the king of Thebes); Drugs.com, Creon (via search result; the page refuses automated fetches)
455	dolutegravir	generic	corrected	high	yes	dolutegravir	dəlˈutəɡɹˌAvəɹ	dˌOlutˈɛɡɹəvˌɪɹ	dˌQluːtˈɛɡɹəvˌɪə	wrong		MedlinePlus (ASHP)
456	gavilyte-g	brand	corrected	medium	yes	GaviLyte-G	ɡˈævəlˌItɡ	ɡˌævilˌItʤˈi	ɡˌavilˌItʤˈiː	wrong		DailyMed label (Lupin), Medication Guide heading
457	sevelamer	generic	corrected	high	yes	sevelamer	sˈɛvəlˌAməɹ	səvˈɛləməɹ	səvˈɛləmə	wrong		MedlinePlus (ASHP)
458	levemir	brand	already-correct	high		Levemir	lˈɛvəmɪɹ	lˈɛvəmɪɹ	lˈɛvəmɪə	right		DailyMed label (A-S Medication Solutions, repackaged Novo Nordisk label), Patient Information
459	autoinjector	device	ordinary-word			autoinjector	ˌɔtOɪnʤˈɛktəɹ					Wiktionary (autoinjector)
460	propylene	generic	already-correct	high		propylene	pɹˈOpəlˌin	pɹˈOpəlˌin	pɹˈQpɪliːn	right		Dictionary.com (Random House Unabridged)
461	methenamine	generic	corrected	medium	yes	methenamine	məθˈɛnəmˌin	məθˈinəmˌin	məθˈiːnəmˌiːn	partial		American Heritage Dictionary; Dictionary.com (Random House Unabridged; Collins British); Wiktionary; MedlinePlus (ASHP)
462	handihaler	device	already-correct	low		HandiHaler	hˈændihˌAləɹ	hˈændihˌAləɹ	hˈandihˌAlə	right		DailyMed label (Boehringer Ingelheim), Spiriva HandiHaler; DailyMed labels for comparable -haler devices
463	hippurate	generic	corrected	low		hippurate	hˈɪpjəɹət	hˈɪpjəɹˌAt	hˈɪpjʊɹAt	partial	low confidence, and today's reading is only partly off	family: -ate salts in dictionaries; Wiktionary
464	enoxaparin	generic	already-correct	high		enoxaparin	ɪnɑksəpˈɛɹɪn	ɪnɑksəpˈɛɹɪn	ɪnɒksəpˈɛɹɪn	right		MedlinePlus (ASHP); Wiktionary
465	estrogens	generic	already-correct	high		estrogens	ˈɛstɹəʤᵊnz	ˈɛstɹəʤᵊnz	ˈiːstɹəʤᵊnz	right		Dictionary.com (Random House Unabridged)
466	brexpiprazole	generic	corrected	high	yes	brexpiprazole	bɹˌɛkspɪpɹəzˈOl	bɹɛkspˈɪpɹəzˌOl	bɹɛkspˈɪpɹəzˌQl	partial		MedlinePlus (ASHP)
467	rexulti	brand	corrected	medium	yes	Rexulti	ɹɪɡzˈʌlti	ɹˈɛksəltˌi	ɹˈɛksəltˌiː	wrong		DailyMed label (Otsuka), Medication Guide heading; FDA proprietary name review, NDA 205422 (Otsuka), applicant's intended pronunciation (Aug 2014 submission)
468	cilostazol	generic	corrected	medium	yes	cilostazol	sˌɪləstˈAzəl	sɪlˈɑstəzˌɔl	sɪlˈɒstəzɒl	wrong		MedlinePlus (ASHP); Wiktionary; Davis's Drug Guide
469	tolterodine	generic	corrected	high	yes	tolterodine	tˈOltəɹədˌIn	tOltˈɛɹədˌin	tQltˈɛɹədˌiːn	wrong		MedlinePlus (ASHP)
470	ibandronate	generic	already-correct	medium		ibandronate	IbˈændɹənˌAt	IbˈændɹənˌAt	IbˈandɹənˌAt	right		MedlinePlus (ASHP); Davis's Drug Guide (F.A. Davis), free monograph header; bold syllable = stress; NCI Dictionary of Cancer Terms
471	dupixent	brand	corrected	high	yes	Dupixent	dupˈɪksənt	dˈupɪksˌɛnt	djˈuːpɪksˌɛnt	partial		DailyMed label (Sanofi/Regeneron), Patient Information
472	dulera	brand	corrected	high	yes	Dulera	djˈuləɹə	dulˈɛɹə	djuːlˈɛːɹə	wrong		DailyMed label (Organon), Patient Information heading; FDA proprietary name review, NDA 022518 (Schering-Plough), applicant's intended pronunciation; Merriam-Webster Medical (via search result; the page refuses automated fetches)
473	sulfadiazine	generic	corrected	high	yes	sulfadiazine	sˌʌlfədˈIəzˌin	sˌʌlfədˈIəzˌin	sˌʌlfədˈIəzˌiːn	right		MedlinePlus (ASHP); Wiktionary
474	silver	generic	already-correct	high		silver	sˈɪlvəɹ	sˈɪlvəɹ	sˈɪlvə	right		MedlinePlus (ASHP); Wiktionary
475	diphenoxylate	generic	corrected	high	yes	diphenoxylate	dˌɪfənˈɑksəlˌAt	dˌIfɛnˈɑksəlˌAt	dˌIfɛnˈɒksəlˌAt	wrong		MedlinePlus (ASHP); Wiktionary; Davis's Drug Guide (F.A. Davis), free monograph header; bold syllable = stress
476	olodaterol	generic	corrected	high	yes	olodaterol	ˌOlOdˈætəɹəl	ˌOlOdˈætəɹˌɔl	ˌQlQdˈatəɹɒl	partial		MedlinePlus (ASHP); Davis's Drug Guide (F.A. Davis), free monograph header; bold syllable = stress
477	nurtec	brand	already-correct	high		Nurtec	nˈɜɹtˌɛk	nˈɜɹtˌɛk	nˈɜːtˌɛk	right		DailyMed label (Pfizer), Patient Information
478	zonisamide	generic	corrected	high	yes	zonisamide	zənˈɪsəmˌId	zOnˈɪsəmˌId	zQnˈɪsəmˌId	partial		MedlinePlus (ASHP); Wiktionary; Davis's Drug Guide (F.A. Davis), free monograph header; bold syllable = stress
479	stiolto	brand	already-correct	high		Stiolto	stiˈOltO	stiˈOltO	stiˈQltQ	right		FDA proprietary name review, NDA 206756 (Boehringer Ingelheim), applicant's intended pronunciation; DailyMed label (Boehringer Ingelheim), Instructions for Use
480	dabigatran	generic	corrected	high	yes	dabigatran	dˈæbəɡˌAtɹən	dˌæbɪɡˈætɹˌæn	dˌabɪɡˈatɹˌan	wrong		MedlinePlus (ASHP); Davis's Drug Guide (F.A. Davis), free monograph header; bold syllable = stress; Wiktionary
481	etexilate	generic	already-correct	low		etexilate	ɪtˈɛksəlˌAt	ɪtˈɛksəlˌAt	ɪtˈɛksəlˌAt	right		spelling and analogy
482	cholestyramine	generic	corrected	medium	yes	cholestyramine	ʧOlˈɛstɪɹəmˌIn	kOlˈɛstɪɹəmˌin	kQlˈɛstɪɹəmˌiːn	wrong		MedlinePlus (ASHP); Wikipedia (infobox); Davis's Drug Guide (F.A. Davis), free monograph header; bold syllable = stress; American Heritage Dictionary
483	combivent	brand	corrected	high	yes	Combivent	kəmbˈIvənt	kˈɑmbəvˌɛnt	kˈɒmbəvˌɛnt	wrong		DailyMed label (Boehringer Ingelheim), Patient Information
484	methadose	brand	already-correct	low		Methadose	mˈɛθədˌOs	mˈɛθədˌOs	mˈɛθədˌQs	right		MedlinePlus (ASHP), methadone; spelling
485	amantadine	generic	corrected	high	yes	amantadine	ɑmɑntɑdˈini	əmˈæntədˌin	əmˈantədˌiːn	wrong		MedlinePlus (ASHP); Wiktionary
486	arnuity	brand	corrected	medium	yes	Arnuity	ɑɹnˈuɪti	ɑɹnˈuɪti	ɑːnjˈuːɪti	right		DailyMed label (GSK), Patient Information
487	premarin	brand	already-correct	high		Premarin	pɹˈɛməɹɪn	pɹˈɛməɹɪn	pɹˈɛməɹɪn	right		DailyMed label (Wyeth/Pfizer), Patient Information; Wiktionary; Dictionary.com
488	tosylate	salt	corrected	high	yes	tosylate	tˈɑsəlˌAt	tˈOsəlˌAt	tˈQsəlˌAt	partial		NCI Dictionary of Cancer Terms (sorafenib tosylate); NCI Dictionary of Cancer Terms (niraparib tosylate monohydrate); NCI Dictionary of Cancer Terms (lapatinib ditosylate)
489	rivastigmine	generic	corrected	high	yes	rivastigmine	ɹˈIvəstˌɪɡmˌin	ɹˌɪvəstˈɪɡmˌin	ɹˌɪvəstˈɪɡmˌiːn	partial		MedlinePlus (ASHP); Wiktionary
490	norgestrel	generic	corrected	high	yes	norgestrel	nˈɔɹɡɪstɹəl	nɔɹʤˈɛstɹəl	nɔːʤˈɛstɹᵊl	wrong		MedlinePlus (ASHP); Wiktionary
491	ascorbic	generic	already-correct	high		ascorbic	əskˈɔɹbɪk	əskˈɔɹbɪk	əskˈɔːbɪk	right		MedlinePlus (ASHP)
492	fluvoxamine	generic	already-correct	high		fluvoxamine	fluvˈɑksəmˌin	fluvˈɑksəmˌin	fluvˈɒksəmˌiːn	right		MedlinePlus (ASHP); Wiktionary
493	oxide	generic	already-correct	high		oxide	ˈɑksˌId	ˈɑksˌId	ˈɒksId	right		MedlinePlus (ASHP); Wiktionary
494	novolin	brand	corrected	high	yes	Novolin	nˈɑvəlɪn	nˈOvOlɪn	nˈQvQlɪn	wrong		DailyMed label (Novo Nordisk), Novolin R Patient Information
495	raloxifene	generic	already-correct	high		raloxifene	ɹælˈɑksəfˌin	ɹælˈɑksəfˌin	ɹəlˈɒksəfˌiːn	right		MedlinePlus (ASHP); Wiktionary
496	netarsudil	generic	corrected	high	yes	netarsudil	nˌɛtəɹsˈudəl	nətˈɑɹsudɪl	nətˈɑːsuːdɪl	wrong		MedlinePlus (ASHP)
497	breyna	brand	already-correct	medium		Breyna	bɹˈAnə	bɹˈAnə	bɹˈAnə	right		DailyMed label (Mylan), Patient Information and Instructions for Use
498	fluocinolone	generic	corrected	high	yes	fluocinolone	fluˈɑsənOlˌOn	flˌuOsˈɪnəlˌOn	flˌuːQsˈɪnəlˌQn	wrong		MedlinePlus (ASHP); Davis's Drug Guide (F.A. Davis), free monograph header; bold syllable = stress
499	metolazone	generic	corrected	medium	yes	metolazone	mˌɛtOlɑzˈOni	mətˈOləzˌOn	mətˈQləzˌQn	wrong		MedlinePlus (ASHP); Davis's Drug Guide (F.A. Davis), free monograph header; bold syllable = stress; Dictionary.com (Random House)
500	ketotifen	generic	corrected	high	yes	ketotifen	kˈitOtˌIfən	kˌitOtˈIfən	kˌiːtQtˈIfən	partial		MedlinePlus (ASHP)
501	sulfasalazine	generic	corrected	high	yes	sulfasalazine	sˌʌlfəsˈæləzˌin	sˌʌlfəsˈæləzˌin	sˌʌlfəsˈaləzˌiːn	right		MedlinePlus (ASHP); Wiktionary
502	olamine	generic	corrected	high	yes	olamine	ˈɑləmˌin	ˈOləmˌin	ˈQləmˌiːn	partial		NCI Dictionary of Cancer Terms (eltrombopag olamine)
503	cefadroxil	generic	already-correct	high		cefadroxil	sˌɛfədɹˈɑksəl	sˌɛfədɹˈɑksəl	sˌɛfədɹˈɒksəl	right		MedlinePlus (ASHP)
504	leflunomide	generic	already-correct	high		leflunomide	ləflˈunəmˌId	ləflˈunəmˌId	ləflˈuːnəmˌId	right		MedlinePlus (ASHP); Wiktionary
505	iohexol	generic	already-correct	high		iohexol	ˌIOhˈɛksɑl	ˌIOhˈɛksɑl	ˌIQhˈɛksɒl	right		Wiktionary
506	omnipaque	brand	unresolved			Omnipaque	ɑmnˈɪpək	ˈɑmnɪpˌAk	ˈɒmnɪpˌAk	partial		DailyMed label (GE Healthcare), prescribing information; GE HealthCare, Omnipaque product page
507	decanoate	salt	unresolved			decanoate	dikˈænOˌAt	dˌɛkənˈOˌAt	dˌɛkənˈQˌAt	wrong		Wiktionary; Davis's Drug Guide (F.A. Davis), free monograph header; bold syllable = stress; Davis's Drug Guide (F.A. Davis), free monograph header; bold syllable = stress; American Heritage Dictionary (decanoic acid, the parent acid)
508	cinacalcet	generic	corrected	high	yes	cinacalcet	sˌɪnəkˈælsət	sˌɪnəkˈælsˌɛt	sˌɪnəkˈalsˌɛt	partial		MedlinePlus (ASHP); Wiktionary; Davis's Drug Guide (F.A. Davis), free monograph header; bold syllable = stress
509	epogen	brand	corrected	high	yes	Epogen	ˈɛpəʤɛn	ˈipOʤɛn	ˈiːpQʤɛn	wrong		DailyMed label (Amgen), Medication Guide heading; NCI Dictionary of Cancer Terms (cancer.gov glossary API)
510	clobazam	generic	corrected	high	yes	clobazam	klˈɑbəzəm	klˈObəzˌæm	klˈQbəzˌam	wrong		MedlinePlus (ASHP); Davis's Drug Guide (F.A. Davis), free monograph header; bold syllable = stress
511	valproic	generic	already-correct	high		valproic	vælpɹˈOɪk	vælpɹˈOɪk	valpɹˈQɪk	right		MedlinePlus (ASHP)
512	ursodiol	generic	corrected	high	yes	ursodiol	əɹsˈOdiəl	ˈɜɹsOdˌIɔl	ˈɜːsQdˌIɒl	wrong		MedlinePlus (ASHP); Davis's Drug Guide (F.A. Davis), free monograph header; bold syllable = stress
513	propofol	generic	corrected	high	yes	propofol	pɹəpˈOfəl	pɹˈOpəfˌɔl	pɹˈQpəfɒl	wrong		MedlinePlus (ASHP); Davis's Drug Guide (F.A. Davis), free monograph header; bold syllable = stress; Wiktionary; American Heritage Dictionary
514	minocycline	generic	corrected	high	yes	minocycline	mˈɪnəsˌIklˌIn	mˌɪnOsˈIklˌin	mˌInQsˈIkliːn	wrong		MedlinePlus (ASHP); Wiktionary; Dictionary.com (Random House); American Heritage Dictionary
515	hydroxyurea	generic	corrected	high	yes	hydroxyurea	hˌIdɹˌɔksiɛɹˈAə	hIdɹˌɑksijʊɹˈiə	hIdɹˌɒksijʊɹˈiːə	wrong		MedlinePlus (ASHP); Davis's Drug Guide (F.A. Davis), free monograph header; bold syllable = stress
516	fludrocortisone	generic	corrected	high	yes	fludrocortisone	flˈudɹOkˌɔɹtəzən	flˌudɹOkˈɔɹtɪsˌOn	flˌuːdɹQkˈɔːtɪsˌQn	wrong		MedlinePlus (ASHP); Wiktionary
517	thiamine	generic	already-correct	high		thiamine	θˈIəmˌin	θˈIəmˌin	θˈIəmiːn	right		MedlinePlus (ASHP); Davis's Drug Guide (F.A. Davis), free monograph header; bold syllable = stress; Wiktionary; Dictionary.com (Random House US; Collins British); American Heritage Dictionary; NCI Dictionary of Cancer Terms
518	midazolam	generic	corrected	high	yes	midazolam	mˌɪdəzˈOləm	mɪdˈæzəlˌæm	mIdˈAzəlˌam	wrong		MedlinePlus (ASHP); Wiktionary; Wikipedia (infobox); Davis's Drug Guide (F.A. Davis), free monograph header; bold syllable = stress; American Heritage Dictionary
519	sulfacetamide	generic	corrected	medium	yes	sulfacetamide	sˌʌlfəsˈɛtəmˌId	sˌʌlfəsˈitəmˌId	sˌʌlfəsˈiːtəmˌId	partial		MedlinePlus (ASHP)
520	vilazodone	generic	corrected	high	yes	vilazodone	vilɑzOdˈOni	vɪlˈæzədˌOn	vɪlˈazədˌQn	wrong		MedlinePlus (ASHP); Wiktionary
521	vancomycin	generic	already-correct	high		vancomycin	vˌæŋkəmˈIsɪn	vˌæŋkəmˈIsɪn	vˌaŋkəmˈIsɪn	right		MedlinePlus (ASHP); Wiktionary
522	prilocaine	generic	already-correct	high		prilocaine	pɹˈɪləkˌAn	pɹˈɪləkˌAn	pɹˈɪləkˌAn	right		MedlinePlus (ASHP); Wiktionary
523	banophen	brand	already-correct	low		Banophen	bˈænəfən	bˈænəfən	bˈanəfən	right		spelling
524	candesartan	generic	corrected	high	yes	candesartan	kˌændɪsˈɑɹtən	kˌændɪsˈɑɹtˌæn	kˌandɪsˈɑːtˌan	partial		MedlinePlus (ASHP); Davis's Drug Guide (F.A. Davis), free monograph header; bold syllable = stress; Wikipedia (infobox)
525	gentamicin	generic	already-correct	high		gentamicin	ʤˌɛntəmˈIsən	ʤˌɛntəmˈIsən	ʤˌɛntəmˈIsɪn	right		MedlinePlus (ASHP); Wiktionary
526	dinitrate	salt	corrected	high	yes	dinitrate	dˈɪnətɹˌAt	dInˈItɹˌAt	dInˈItɹˌAt	wrong		Wiktionary; Davis's Drug Guide (F.A. Davis), free monograph header; bold syllable = stress
527	alafenamide	salt	corrected	high	yes	alafenamide	əlˈæfənəmˌId	ˌæləfˈɛnəmˌId	ˌaləfˈɛnəmˌId	wrong		MedlinePlus (ASHP); Davis's Drug Guide (F.A. Davis), free monograph header; bold syllable = stress; Wikipedia (infobox)
528	colestipol	generic	corrected	high	yes	colestipol	kˈOlstˌɪpˌɑl	kOlˈɛstəpˌOl	kQlˈɛstəpˌQl	wrong		MedlinePlus (ASHP); Davis's Drug Guide (F.A. Davis), free monograph header; bold syllable = stress; Wiktionary
529	cefpodoxime	generic	corrected	high	yes	cefpodoxime	sˌɛfpədˈɑksIm	sˌɛfpOdˈɑksim	sˌɛfpQdˈɒksiːm	wrong		MedlinePlus (ASHP); Davis's Drug Guide (F.A. Davis), free monograph header; bold syllable = stress
530	proxetil	salt	already-correct	low		proxetil	pɹˈɑksətəl	pɹˈɑksətəl	pɹˈɒksətəl	right		spelling and analogy
531	phenobarbital	generic	already-correct	high		phenobarbital	fˌinObˈɑɹbətˌɔl	fˌinObˈɑɹbətˌɔl	fˌiːnQbˈɑːbɪtᵊl	right		MedlinePlus (ASHP); Wiktionary
532	trospium	generic	corrected	medium	yes	trospium	tɹˈɑspiəm	tɹˈOspiəm	tɹˈQspiəm	partial		MedlinePlus (ASHP); Wikipedia (infobox); Davis's Drug Guide (F.A. Davis), free monograph header; bold syllable = stress
533	synjardy	brand	corrected	high	yes	Synjardy	sˈɪnʤˌɑɹdi	sɪnʤˈɑɹdi	sɪnʤˈɑːdi	partial		DailyMed label (Boehringer Ingelheim), Patient Information
534	polacrilex	generic	unresolved			polacrilex	pəlˈækɹəlɛks					Wikipedia (Nicotine polacrilex); USP–NF monograph, Nicotine Polacrilex; Wiktionary; Dictionary.com, American Heritage Dictionary
535	abilify	brand	already-correct	high		Abilify	əbˈɪləfˌI	əbˈɪləfˌI	əbˈɪləfˌI	right		DailyMed label (Otsuka), Medication Guide heading; DailyMed label (Otsuka), Abilify Maintena Medication Guide
536	victoza	brand	corrected	high	yes	Victoza	viktˈOzə	vˈɪktOzə	vˈɪktQzə	partial		DailyMed label (Novo Nordisk), Medication Guide heading; FDA proprietary name review, NDA 22-341 (20 Jul 2009)
537	ubrelvy	brand	corrected	high	yes	Ubrelvy	jˈubɹˌɛlvi	jubɹˈɛlvi	juːbɹˈɛlvi	partial		FDA proprietary name review, NDA 211765 (Allergan), applicant's intended pronunciation; DailyMed label (Allergan), Patient Information
538	megestrol	generic	corrected	high	yes	megestrol	mˈɛʤəstɹɑl	məʤˈɛstɹˌɑl	məʤˈɛstɹɒl	wrong		MedlinePlus (ASHP); Merriam-Webster; HealthLinkBC (seen in search-result text)
539	desmopressin	generic	corrected	high	yes	desmopressin	dˌɛzmOpɹˈɛsɪn	dˌɛsmOpɹˈɛsɪn	dˌɛsmQpɹˈɛsɪn	partial		MedlinePlus (ASHP); Merriam-Webster; HealthLinkBC (seen in search-result text)
540	valerate	salt	already-correct	medium		valerate	vˈæləɹAt	vˈæləɹAt	vˈaləɹAt	right		Wikipedia (Estradiol valerate)
541	lifitegrast	generic	corrected	high	yes	lifitegrast	lˈɪfətɡɹˌæst	lˌɪfɪtˈɛɡɹˌæst	lˌɪfɪtˈɛɡɹˌast	wrong		MedlinePlus (ASHP)
542	xiidra	brand	corrected	high	yes	Xiidra	zˈidɹə	zˈIdɹə		partial		DailyMed label (Novartis), Patient Information
543	emgality	brand	already-correct	high		Emgality	ɛmɡˈæləti	ɛmɡˈæləti	ɛmɡˈaləti	right		DailyMed label (Eli Lilly), Patient Information
544	galcanezumab	generic	corrected	high	yes	galcanezumab	ɡɑlkɑnˈɛzumæb	ɡˌælkənˈɛzjəmˌæb	ɡˌalkənˈɛzjʊmˌab	wrong		MedlinePlus (ASHP)
545	sulfur	generic	already-correct	high		sulfur	sˈʌlfəɹ	sˈʌlfəɹ	sˈʌlfə	right		Wiktionary
546	lubiprostone	generic	corrected	high	yes	lubiprostone	lˈubɪpɹˌOstˌOn	lˌubɪpɹˈɑstˌOn	lˌuːbɪpɹˈɒstQn	partial		MedlinePlus (ASHP); Wiktionary
547	lamivudine	generic	corrected	high	yes	lamivudine	lˈæməvjˌudˌIn	ləmˈɪvjudˌin	ləmˈɪvjuːdˌiːn	wrong		MedlinePlus (ASHP); Wiktionary
548	sodium	brand	ordinary-word			sodium	sˈOdiəm					
549	oxycontin	brand	already-correct	high		OxyContin	ˌɑksəkˈɑntən	ˌɑksəkˈɑntən	ˌɒksəkˈɒntən	right		DailyMed label (Knoa Pharma), Medication Guide; Dictionary.com (OxyContin)
550	rifaximin	generic	corrected	high	yes	rifaximin	ɹIfˈæksəmən	ɹɪfˈæksəmən	ɹɪfˈaksəmən	partial		MedlinePlus (ASHP)
551	xifaxan	brand	corrected	medium	yes	Xifaxan	zˈifæksən	zIfˈæksən	zIfˈaksən	partial		Salix, xifaxan.com (maker's site)
552	bisacodyl	generic	corrected	medium	yes	bisacodyl	bˌIsəkˈOdəl	bɪsˈækOdɪl	bɪsˈakQdɪl	wrong		MedlinePlus (ASHP); Wiktionary; Wikipedia (Bisacodyl)
553	retin-a	brand	corrected	high	yes	Retin-A	ɹˌɛtᵊnˈA	ɹˌɛtᵊnˈA	ɹˌɛtᵊnˈA	right		Dictionary.com (Retin-A)
554	nystop	brand	already-correct	low		Nystop	nˈIstˌɑp	nˈIstˌɑp	nˈIstˌɒp	right		DailyMed label (Padagis), prescribing information; spelling
555	simethicone	generic	already-correct	high		simethicone	sɪmˈɛθəkˌOn	sɪmˈɛθəkˌOn	sɪmˈɛθəkˌQn	right		American Heritage Dictionary; MedlinePlus (ASHP); Dictionary.com (Random House; British from Collins)
556	brinzolamide	generic	corrected	high	yes	brinzolamide	bɹɪnzˈɑləmˌId	bɹɪnzˈOləmˌId	bɹɪnzˈQləmˌId	partial		MedlinePlus (ASHP); Wikipedia (Brinzolamide)
557	enbrel	brand	corrected	medium	yes	Enbrel	ˈɛnbɹəl	ˈɛnbɹˌɛl		partial		DailyMed label (Immunex/Amgen), Medication Guide and Instructions for Use
558	etanercept	generic	already-correct	high		etanercept	ɪtˈænəɹsˌɛpt	ɪtˈænəɹsˌɛpt	ɪtˈanəsˌɛpt	right		Wiktionary; NCI Dictionary of Cancer Terms; American Heritage Dictionary; MedlinePlus (ASHP); DailyMed label (Immunex/Amgen), Enbrel
559	denosumab	generic	corrected	medium	yes	denosumab	dɪnˈOsəmæb	dɪnˈOsəmæb	dɪnˈɒsjʊmab	right		MedlinePlus (ASHP); Wiktionary; NCI Dictionary of Cancer Terms
560	scopolamine	generic	already-correct	high		scopolamine	skəpˈɑləmˌin	skəpˈɑləmˌin	skəpˈɒləmiːn	right		MedlinePlus (ASHP); Wiktionary; Dictionary.com (Random House; British from Collins); American Heritage Dictionary
561	dextrose	generic	already-correct	high		dextrose	dˈɛkstɹˌOs	dˈɛkstɹˌOs	dˈɛkstɹQz	right		Wiktionary; Dictionary.com (Random House; British from Collins)
562	aimovig	brand	corrected	high	yes	Aimovig	ˈAmˌuvɪɡ	ˈAmOvɪɡ	ˈAmQvɪɡ	partial		DailyMed label (Amgen), Patient Information and Instructions for Use
563	erenumab	generic	corrected	high	yes	erenumab	ˈɛɹɪnumæb	ɪɹˈɛnjəmˌæb	ɪɹˈɛnjʊmˌab	wrong		MedlinePlus (ASHP)
564	azathioprine	generic	corrected	high	yes	azathioprine	əzˌæθiəpɹˌin	ˌæzəθˈIəpɹˌin	ˌAzəθˈIəpɹiːn	wrong		MedlinePlus (ASHP); Wiktionary; Wikipedia (Azathioprine); Dictionary.com (Random House; British from Collins)
565	travoprost	generic	corrected	high	yes	travoprost	tɹˈAvOpɹˌOst	tɹˈævəpɹˌɑst	tɹˈavəpɹˌɒst	wrong		MedlinePlus (ASHP); Wiktionary; Wiktionary
566	combigan	brand	already-correct	low		Combigan	kˈɑmbɪɡən	kˈɑmbɪɡən	kˈɒmbɪɡən	right		DailyMed label (Allergan), prescribing information; NCI Dictionary of Cancer Terms, Lumigan (same maker's -gan ending)
567	cilexetil	generic	already-correct	high		cilexetil	sɪlˈɛksətəl	sɪlˈɛksətəl	sɪlˈɛksətəl	right		Wiktionary
568	fiasp	brand	corrected	high	yes	Fiasp	fiˈæsp	fˈiˌæsp	fˈiːˌasp	partial		Novo Nordisk, NovoMedLink Fiasp FAQ ('How do I pronounce Fiasp?')
569	pradaxa	brand	already-correct	high		Pradaxa	pɹədˈæksə	pɹədˈæksə	pɹədˈaksə	right		DailyMed label (Boehringer Ingelheim), Medication Guide heading; FDA proprietary name review, NDA 022512 (Boehringer Ingelheim)
570	qvar	brand	corrected	high	yes	Qvar	kvˈɑɹ	kjˈuvˌɑɹ	kjˈuːvˌɑː	wrong		DailyMed label (Teva), Patient Information
571	redihaler	device	corrected	high	yes	Redihaler	ɹˈɛdɪhələɹ	ɹˌɛdihˈAləɹ	ɹˌɛdihˈAlə	wrong		DailyMed label (Teva), Qvar RediHaler Patient Information
572	tamoxifen	generic	already-correct	high		tamoxifen	təmˈɑksəfən	təmˈɑksəfən	təmˈɒksɪfɛn	right		MedlinePlus (ASHP); Wiktionary; Dictionary.com (Random House; British from Collins)
573	prolia	brand	corrected	high	yes	Prolia	pɹˈOljə	pɹˈOliə	pɹˈQliə	partial		DailyMed label (Amgen), Medication Guide; NCI Dictionary of Cancer Terms (cancer.gov glossary API); Medsafe NZ, Prolia Consumer Medicine Information
574	modafinil	generic	corrected	high	yes	modafinil	mOdɑfinˈil	mOdˈæfɪnɪl	mQdˈafɪnɪl	wrong		MedlinePlus (ASHP); American Heritage Dictionary
575	systane	brand	unresolved			Systane	sɪstˈAn					Alcon, Systane website; DailyMed label (Alcon), Systane Ultra Drug Facts
576	acetazolamide	generic	corrected	high	yes	acetazolamide	əsˌɛtəzˈɑləmˌId	əsˌɛtəzˈOləmˌId	əsˌɛtəzˈɒləmˌId	partial		MedlinePlus (ASHP); Wiktionary; Dictionary.com (Random House; British from Collins)
577	glucagon	generic	already-correct	high		glucagon	ɡlˈukəɡˌɑn	ɡlˈukəɡˌɑn	ɡlˈuːkəɡɒn	right		MedlinePlus (ASHP); Wiktionary; Dictionary.com (Random House; British from Collins)
578	fluorometholone	generic	corrected	low	yes	fluorometholone	flˌʊɹˈɑməθˌɔlˌOn	flˌʊɹOmˈɛθəlˌOn	flˌʊəɹQmˈɛθəlQn	wrong		MedlinePlus (ASHP); Wiktionary; Wiktionary; MedlinePlus (ASHP)
579	bicarbonate	generic	already-correct	high		bicarbonate	bˌIkˈɑɹbənət	bˌIkˈɑɹbənət	bIkˈɑːbənət	right		MedlinePlus (ASHP); Wiktionary
580	bicarbonate	salt	already-correct	high		bicarbonate	bˌIkˈɑɹbənət	bˌIkˈɑɹbənət	bIkˈɑːbənət	right		MedlinePlus (ASHP); Wiktionary
581	m-pap	brand	already-correct	low		M-Pap	ˈɛmpˌæp	ˈɛmpˌæp	ˈɛmpˌap	right		spelling
582	permethrin	generic	already-correct	high		permethrin	pˌɜɹmˈɛθɹən	pˌɜɹmˈɛθɹən	pəːmˈɛθɹɪn	right		MedlinePlus (ASHP)
583	gavilyte-c	brand	corrected	low	yes	GaviLyte-C	ɡˈævəlˌItk	ɡˈævəlˌItsˌi	ɡˈavəlˌItsˌiː	wrong		DailyMed label (Lupin), GaviLyte-C with flavor pack; DailyMed product list for 'gavilyte'
584	alirocumab	generic	already-correct	high		alirocumab	ˌæləɹˈɑkjəmˌæb	ˌæləɹˈɑkjəmˌæb	ˌaləɹˈɒkjəmˌab	right		MedlinePlus (ASHP); Wiktionary
585	praluent	brand	corrected	high	yes	Praluent	pɹˈæljuənt	pɹˈɑljuənt	pɹˈɑːljuənt	partial		DailyMed label (Sanofi/Regeneron), Patient Information and Instructions for Use
586	junel	brand	corrected	medium	yes	Junel	ʤˈunəl	ʤˈunˌɛl	ʤˈuːnˌɛl	partial		DailyMed label (Teva), Junel Fe 24 Patient Information
587	chlorpromazine	generic	already-correct	medium		chlorpromazine	klˌɔɹpɹˈɑməzin	klˌɔɹpɹˈɑməzin	klɔːpɹˈQməzɪn	right		Dictionary.com (Random House; British from Collins); American Heritage Dictionary; Wiktionary; MedlinePlus (ASHP)
588	finerenone	generic	corrected	high	yes	finerenone	fˌɪnəɹənˈOni	fɪnˈɛɹənˌOn	fɪnˈɛɹənˌQn	wrong		MedlinePlus (ASHP); Wiktionary
589	kerendia	brand	already-correct	medium		Kerendia	kəɹˈɛndiə	kəɹˈɛndiə	kəɹˈɛndiə	right		FDA proprietary name review for Kerendia (Bayer submission of 17 Oct 2019), applicant's intended pronunciation; DailyMed label (Bayer), 2026
590	lenalidomide	generic	corrected	high	yes	lenalidomide	lɛnˈælədəmˌId	lˌɛnəlˈɪdOmˌId	lˌɛnəlˈɪdQmˌId	wrong		MedlinePlus (ASHP); NCI Dictionary of Cancer Terms
591	roflumilast	generic	already-correct	high		roflumilast	ɹOflˈuməlˌæst	ɹOflˈuməlˌæst	ɹQflˈuːməlˌast	right		MedlinePlus (ASHP)
592	bacitracin	generic	already-correct	high		bacitracin	bˌæsɪtɹˈAsɪn	bˌæsɪtɹˈAsɪn	bˌasɪtɹˈAsən	right		MedlinePlus (ASHP); Wiktionary
593	armour	brand	ordinary-word			Armour	ˈɑɹməɹ					DailyMed label (Allergan)
594	fluphenazine	generic	corrected	high	yes	fluphenazine	flˈufənəzˌin	flufˈɛnəzˌin	fluːfˈɛnəziːn	partial		MedlinePlus (ASHP); Wiktionary
595	admelog	brand	already-correct	medium		Admelog	ˈædməlˌɑɡ	ˈædməlˌɑɡ	ˈadməlˌɒɡ	right		DailyMed label (Sanofi), Patient Information and Instructions for Use; FDA proprietary name review, NDA 209196 (Sanofi), applicant's intended pronunciation
596	pentoxifylline	generic	corrected	high	yes	pentoxifylline	pɛntˈɑksəfɪlˌIn	pˌɛntɑksˈɪfɪlˌin	pˌɛntɒksˈɪfɪliːn	wrong		MedlinePlus (ASHP); Wikipedia (Pentoxifylline); American Heritage Dictionary
597	mircera	brand	corrected	high	yes	Mircera	mɪɹʧˈɛɹə	mɪɹsˈɛɹə	mɪəsˈɛɹə	partial		DailyMed label (CSL Vifor), Medication Guide and Instructions for Use
598	succinylcholine	generic	already-correct	high		succinylcholine	sˌʌksənᵊlkˈOlin	sˌʌksənᵊlkˈOlin	sˌʌksɪnIlkˈQliːn	right		Wiktionary
599	nyamyc	brand	unresolved			Nyamyc	nˌIˈæmɪk					DailyMed label (Upsher-Smith)
600	cefazolin	generic	already-correct	high		cefazolin	sɪfˈæzəlɪn	sɪfˈæzəlɪn	sɪfˈazəlɪn	right		MedlinePlus (ASHP); Wikipedia (Cefazolin)
601	diprivan	brand	corrected	low	yes	Diprivan	dɪpɹivˈɑn	dˈɪpɹɪvˌæn	dˈɪpɹɪvˌan	wrong		DailyMed label (Fresenius Kabi); Fresenius Kabi, Diprivan website; spelling
602	descovy	brand	corrected	high	yes	Descovy	dˈɛskəvi	dɛskˈOvi	dɛskˈQvi	partial		DailyMed label (Gilead), Patient Information
603	myristate	generic	unresolved			myristate	mˈɪɹɪstˌAt					Wiktionary; Wiktionary; Wikipedia (Myristic acid); American Heritage Dictionary; Dictionary.com (Random House; British from Collins)
604	xtampza	brand	already-correct	high		Xtampza	ɛkstˈæmpzə	ɛkstˈæmpzə	ɛkstˈampzə	right		DailyMed label (Collegium), Medication Guide
605	dilt-xr	brand	already-correct	low		Dilt-XR	dˈɪltˌɛksˈɑɹ	dˈɪltˌɛksˈɑɹ	dˈɪltˌɛksˈɑː	right		spelling
606	abiraterone	generic	already-correct	high		abiraterone	ˌæbəɹˈætəɹˌOn	ˌæbəɹˈætəɹˌOn	ˌabəɹˈatəɹˌQn	right		MedlinePlus (ASHP); Wiktionary
607	carisoprodol	generic	corrected	high	yes	carisoprodol	kˌɛɹəsˈɑpɹədˌɔl	kɑɹˌIsOpɹˈOdˌɔl	kɑːɹˌIsQpɹˈQdɒl	wrong		MedlinePlus (ASHP); American Heritage Dictionary; Wikipedia (Carisoprodol); Dictionary.com (Random House; British from Collins)
608	indapamide	generic	already-correct	high		indapamide	ɪndˈæpəmˌId	ɪndˈæpəmˌId	ɪndˈapəmˌId	right		MedlinePlus (ASHP)
609	glyburide	generic	corrected	high	yes	glyburide	ɡlˈIbˌɛɹId	ɡlˈIbjəɹˌId	ɡlˈIbjəɹˌId	wrong		MedlinePlus (ASHP); Wiktionary
610	botox	brand	already-correct	high		Botox	bˈOtˌɑks	bˈOtˌɑks	bˈQtɒks	right		DailyMed label (Allergan), Medication Guide; NCI Dictionary of Cancer Terms (cancer.gov glossary API); Wiktionary
611	onabotulinumtoxina	generic	corrected	medium	yes	onabotulinumtoxinA	ˌɑnəbˌɑʧəlɪnəmtˈɑksɪnə	ˌOnəbˈɑtjulˌInəmtˌɑksɪnˌA	ˌQnəbˈɒtjʊlˌInəmtˌɒksɪnˌA	wrong		MedlinePlus (ASHP)
612	qelbree	brand	already-correct	high		Qelbree	kˈɛlbɹˌi	kˈɛlbɹˌi	kˈɛlbɹˌiː	right		DailyMed label (Supernus), Patient Information
613	viloxazine	generic	corrected	high	yes	viloxazine	vilOɡzˈAzin	vIlˈɑksəzˌin	vIlˈɒksəziːn	wrong		MedlinePlus (ASHP); Wiktionary
614	prasugrel	generic	corrected	high	yes	prasugrel	pɹˈæʒəɡɹɛl	pɹˈæsuɡɹˌɛl	pɹˈasuːɡɹˌɛl	wrong		MedlinePlus (ASHP); Wiktionary
615	rilpivirine	generic	corrected	high	yes	rilpivirine	ɹɪlpˈɪvəɹˌin	ɹˌɪlpɪvˈɪɹin	ɹˌɪlpɪvˈɪəɹiːn	partial		MedlinePlus (ASHP)
616	repaglinide	generic	corrected	high	yes	repaglinide	ɹipˈæɡlənˌId	ɹəpˈæɡlənˌId	ɹəpˈaɡlənˌId	partial		MedlinePlus (ASHP); Wiktionary
617	nitrate	generic	already-correct	high		nitrate	nˈItɹˌAt	nˈItɹˌAt	nˈItɹAt	right		Wiktionary
618	nitrate	salt	already-correct	high		nitrate	nˈItɹˌAt	nˈItɹˌAt	nˈItɹAt	right		Wiktionary; Dictionary.com (Random House; British forms from Collins)
619	etabonate	generic	already-correct	high		etabonate	ɪtˈæbənˌAt	ɪtˈæbənˌAt	ɪtˈabənˌAt	right		Wiktionary
620	loteprednol	generic	corrected	low		loteprednol	lˈOtpɹˌɛdnˌɔl	lˌOtəpɹˈɛdnɔl	lˌQtəpɹˈɛdnɒl	partial	low confidence, and today's reading is only partly off	MedlinePlus (ASHP), Loteprednol Ophthalmic; spelling
621	canagliflozin	generic	corrected	high	yes	canagliflozin	kənˈæɡləflˌOzɪn	kˌænəɡlɪflˈOzɪn	kˌanəɡlɪflˈQzɪn	wrong		MedlinePlus (ASHP); Wiktionary
622	cyclosilicate	generic	corrected	high	yes	cyclosilicate	sˌIkləsˈɪləkˌAt	sˌIklOsˈɪləkˌAt	sˌIklQsˈɪləkˌAt	partial		MedlinePlus (ASHP); Davis's Drug Guide (F.A. Davis), free monograph header; bold syllable = stress
623	lokelma	brand	already-correct	high		Lokelma	lOkˈɛlmə	lOkˈɛlmə	lQkˈɛlmə	right		FDA proprietary name review, NDA 207078 (AstraZeneca submission of 22 Nov 2017), applicant's intended pronunciation
624	zirconium	generic	already-correct	high		zirconium	zəɹkˈOniəm	zəɹkˈOniəm	zəːkˈQnɪəm	right		MedlinePlus (ASHP); Wiktionary; Dictionary.com (Random House; British forms from Collins)
625	movantik	brand	corrected	medium	yes	Movantik	məvˈæntɪk	mOvˈæntɪk	mQvˈantɪk	partial		DailyMed label (Averitas; also RedHill's), Medication Guide; FDA proprietary name review, NDA 204760 (2014)
626	naloxegol	generic	already-correct	high		naloxegol	nəlˈɑksɪɡɑl	nəlˈɑksɪɡɑl	nəlˈɒksɪɡɒl	right		MedlinePlus (ASHP); Davis's Drug Guide (F.A. Davis), free monograph header; bold syllable = stress
627	terconazole	generic	corrected	high	yes	terconazole	tˈɜɹkənəzˌOl	təɹkˈɑnəzˌOl	təkˈɒnəzˌQl	wrong		MedlinePlus (ASHP); Davis's Drug Guide (F.A. Davis), free monograph header; bold syllable = stress
628	jantoven	brand	already-correct	high		Jantoven	ʤˈæntˌOvən	ʤˈæntˌOvən	ʤˈantˌQvən	right		DailyMed label (Upsher-Smith), Medication Guide
629	focalin	brand	already-correct	medium		Focalin	fˈOkəlɪn	fˈOkəlɪn	fˈQkəlɪn	right		DailyMed label (Novartis; Sandoz's label is the same), Focalin XR Medication Guide
630	sprintec	brand	already-correct	medium		Sprintec	spɹˈɪntˌɛk	spɹˈɪntˌɛk	spɹˈɪntˌɛk	right		DailyMed label (Teva), Patient Information
631	ssd	brand	covered			SSD	ˌɛsˌɛsdˈi					DailyMed label
632	multivitamin	brand	ordinary-word			multivitamin	mˌʌltivˈITəmᵊn					MedlinePlus, Multivitamin
633	phenylephrine	generic	already-correct	high		phenylephrine	fˌɛnəlˈɛfɹən	fˌɛnəlˈɛfɹən	fˌiːnIlˈɛfɹɪn	right		MedlinePlus (ASHP); Wiktionary; Dictionary.com (Random House; British forms from Collins)
634	clarithromycin	generic	corrected	high	yes	clarithromycin	klˌɛɹɪθɹˈɑmɪsɪn	kləɹˌɪθɹəmˈIsɪn	kləɹˌɪθɹQmˈIsɪn	wrong		MedlinePlus (ASHP); Wiktionary; American Heritage Dictionary; NCI Dictionary of Cancer Terms (cancer.gov glossary API); Davis's Drug Guide (F.A. Davis), free monograph header; bold syllable = stress
635	procto-med	brand	corrected	low		Procto-Med	pɹˈɑktˌOmd	pɹˈɑktOmˌɛd	pɹˈɒktQmˌɛd	partial	low confidence, and today's reading is only partly off	spelling
636	rhopressa	brand	already-correct	medium		Rhopressa	ɹOpɹˈɛsə	ɹOpɹˈɛsə	ɹQpɹˈɛsə	right		FDA proprietary name review, NDA 208254 (Aerie submission of 30 Aug 2016), applicant's intended pronunciation
637	febuxostat	generic	already-correct	high		febuxostat	fəbˈʌksOstˌæt	fəbˈʌksOstˌæt	fəbˈʌksQstˌat	right		MedlinePlus (ASHP); Wiktionary
638	darunavir	generic	corrected	high	yes	darunavir	dəɹˈʌnəvəɹ	dəɹˈunəvˌɪɹ	dəɹˈuːnəvˌɪə	wrong		MedlinePlus (ASHP); Davis's Drug Guide (F.A. Davis), free monograph header; bold syllable = stress
639	eplerenone	generic	corrected	high	yes	eplerenone	ˈɛpləɹənˌOn	ɛplˈɛɹənˌOn	ɛplˈɛɹənˌQn	partial		MedlinePlus (ASHP); Wiktionary; American Heritage Dictionary; Davis's Drug Guide (F.A. Davis), free monograph header; bold syllable = stress
640	alafen	generic	not-a-drug			alafen	ˈæləfən					
641	pilocarpine	generic	already-correct	high		pilocarpine	pˌIlOkˈɑɹpin	pˌIlOkˈɑɹpin	pˌIlQkˈɑːpiːn	right		MedlinePlus (ASHP); Wiktionary; NCI Dictionary of Cancer Terms (cancer.gov glossary API); Dictionary.com (Random House; British forms from Collins)
642	tivicay	brand	corrected	high	yes	Tivicay	tˈɪvikA	tˈɪvəkˌA		partial		DailyMed label (ViiV Healthcare), Patient Information
643	belsomra	brand	corrected	high	yes	Belsomra	bˈɛlsəmɹə	bɛlsˈɑmɹə	bɛlsˈɒmɹə	partial		DailyMed label (Merck), Patient Information
644	suvorexant	generic	corrected	high	yes	suvorexant	suvˈɔɹɪɡzənt	sˌuvOɹˈɛksənt	sˌuːvQɹˈɛksənt	wrong		MedlinePlus (ASHP); Davis's Drug Guide (F.A. Davis), free monograph header; bold syllable = stress
645	caplyta	brand	corrected	high	yes	Caplyta	kəplˈItə	kæplˈItə	kaplˈItə	partial		DailyMed label (Intra-Cellular Therapies), Patient Information
646	lumateperone	generic	already-correct	high		lumateperone	lˌumətˈɛpəɹˌOn	lˌumətˈɛpəɹˌOn	lˌuːmətˈɛpəɹˌQn	right		MedlinePlus (ASHP); Wikipedia (Lumateperone)
647	invokana	brand	corrected	high	yes	Invokana	ˌɪnvOkˈænə	ˌɪnvOkˈɑnə	ˌɪnvQkˈɑːnə	partial		DailyMed label (Janssen), Medication Guide
648	atogepant	generic	corrected	high	yes	atogepant	ətˈɑʤpənt	ətˈOʤəpˌænt	ətˈQʤəpˌant	wrong		MedlinePlus (ASHP); Davis's Drug Guide (F.A. Davis), free monograph header; bold syllable = stress
649	qulipta	brand	already-correct	high		Qulipta	kjulˈɪptə	kjulˈɪptə	kjulˈɪptə	right		DailyMed label (AbbVie), Patient Information
650	doxercalciferol	generic	corrected	high	yes	doxercalciferol	dˌɑksəɹkˈælsɪfəɹˌɔl	dˌɑksəɹkælsˈɪfəɹˌɔl	dˌɒksəkalsˈɪfəɹɒl	partial		MedlinePlus (ASHP); Wiktionary
651	rocklatan	brand	unresolved			Rocklatan	ɹˈɑklətən					DailyMed label (Alcon); FDA proprietary name memorandum, NDA 208259 (20 Jul 2018); Alcon, Rocklatan website
652	dofetilide	generic	corrected	high	yes	dofetilide	dəfˈɛtəlˌId	dOfˈɛtəlˌId	dQfˈɛtəlˌId	partial		MedlinePlus (ASHP); Wiktionary; Davis's Drug Guide (F.A. Davis), free monograph header; bold syllable = stress
653	protamine	generic	already-correct	high		protamine	pɹˈOTəmˌin	pɹˈOTəmˌin	pɹˈQtəmiːn	right		Wiktionary; Dictionary.com (Random House; British forms from Collins)
654	xulane	brand	corrected	high	yes	Xulane	zulˈAn	zˈulˌAn	zˈuːlˌAn	partial		DailyMed label (Mylan), Patient Information
655	constulose	brand	already-correct	low		Constulose	kˈɑnsʧəlˌOz	kˈɑnsʧəlˌOz	kˈɒnsʧəlˌQz	right		DailyMed label (Actavis); MedlinePlus (ASHP), generic lactulose
656	felodipine	generic	corrected	high	yes	felodipine	fəlˈɑdəpˌIn	fəlˈOdəpˌin	fəlˈQdɪpˌiːn	wrong		MedlinePlus (ASHP); Davis's Drug Guide (F.A. Davis), free monograph header; bold syllable = stress
657	nadolol	generic	corrected	high	yes	nadolol	nɑdOlˈɔl	nAdˈOlˌOl	nAdˈQlˌQl	wrong		MedlinePlus (ASHP); Wiktionary; American Heritage Dictionary; Davis's Drug Guide (F.A. Davis), free monograph header; bold syllable = stress
658	ingrezza	brand	corrected	high	yes	Ingrezza	ˌɪŋɡɹˈɛzə	ˌɪnɡɹˈɛzə		partial		DailyMed label (Neurocrine), Medication Guide
659	valbenazine	generic	corrected	high	yes	valbenazine	vˈælbənəzˌin	vælbˈɛnəzˌin	valbˈɛnəzˌiːn	partial		MedlinePlus (ASHP); Davis's Drug Guide (F.A. Davis), free monograph header; bold syllable = stress
660	pyridostigmine	generic	already-correct	high		pyridostigmine	pˌɪɹədOstˈɪɡmˌin	pˌɪɹədOstˈɪɡmˌin	pˌɪɹɪdQstˈɪɡmiːn	right		MedlinePlus (ASHP); Wiktionary
661	triprolidine	generic	corrected	medium	yes	triprolidine	tɹIpɹˈɑlədˌin	tɹIpɹˈOlɪdˌin	tɹIpɹˈQlɪdˌiːn	wrong		Davis's Drug Guide (F.A. Davis), free monograph header; bold syllable = stress; Dictionary.com, pyrrolidine (the ring triprolidine is named from; triprolidine itself has no entry)
662	ramelteon	generic	corrected	high	yes	ramelteon	ɹəmˈɛlʃən	ɹəmˈɛltiˌɑn	ɹəmˈɛltiɒn	wrong		MedlinePlus (ASHP); Wiktionary; Davis's Drug Guide (F.A. Davis), free monograph header; bold syllable = stress
663	pitavastatin	generic	corrected	high	yes	pitavastatin	pətˈævəstˌAtɪn	pɪtˌævəstˈætᵊn	pɪtˌavəstˈatᵊn	wrong		MedlinePlus (ASHP); Davis's Drug Guide (F.A. Davis), free monograph header; bold syllable = stress
664	dronedarone	generic	already-correct	high		dronedarone	dɹOnˈɛdəɹˌOn	dɹOnˈɛdəɹˌOn	dɹQnˈɛdəɹˌQn	right		MedlinePlus (ASHP); Wiktionary; Davis's Drug Guide (F.A. Davis), free monograph header; bold syllable = stress
665	multaq	brand	already-correct	high		Multaq	mˈʌltˌæk	mˈʌltˌæk	mˈʌltˌak	right		DailyMed label (Sanofi), Patient Information
666	enulose	brand	already-correct	low		Enulose	ˈɛnjəlˌOz	ˈɛnjəlˌOz	ˈɛnjəlˌQz	right		DailyMed label (Actavis); MedlinePlus (ASHP), generic lactulose
667	rabeprazole	generic	already-correct	high		rabeprazole	ɹəbˈɛpɹəzˌOl	ɹəbˈɛpɹəzˌOl	ɹəbˈɛpɹəzˌQl	right		MedlinePlus (ASHP); Wiktionary
668	etodolac	generic	corrected	medium	yes	etodolac	ˌitədˈOlək	itˈOdəlˌæk	iːtˈQdəlˌak	wrong		MedlinePlus (ASHP); American Heritage Dictionary; Davis's Drug Guide (F.A. Davis), free monograph header; bold syllable = stress
669	simbrinza	brand	already-correct	low		Simbrinza	sɪmbɹˈɪnzə	sɪmbɹˈɪnzə	sɪmbɹˈɪnzə	right		DailyMed label (Alcon); spelling
670	zenpep	brand	already-correct	high		Zenpep	zˈɛnpˌɛp	zˈɛnpˌɛp	zˈɛnpˌɛp	right		DailyMed label (Aimmune), Medication Guide
671	antiseptic	generic	ordinary-word			antiseptic	ˌæntəsˈɛptɪk					Wiktionary; Dictionary.com (Random House; British forms from Collins)
672	zinc	generic	already-correct	high		zinc	zˈɪŋk	zˈɪŋk	zˈɪŋk	right		Wiktionary; Dictionary.com (Random House; British forms from Collins)
673	trihexyphenidyl	generic	already-correct	high		trihexyphenidyl	tɹˌIhˌɛksəfˈɛnɪdəl	tɹˌIhˌɛksəfˈɛnɪdəl	tɹˌIhˌɛksəfˈɛnɪdəl	right		MedlinePlus (ASHP); Wiktionary
674	atrovent	brand	corrected	low	yes	Atrovent	ˈAtɹəvənt	ˈætɹəvˌɛnt	ˈatɹəvˌɛnt	wrong		DailyMed label (Boehringer Ingelheim), Atrovent HFA; analogy: DailyMed label (Boehringer Ingelheim), Combivent Respimat (ipratropium and albuterol), Patient Information; analogy: atropine in Aloud's gold dictionary (lexicon-src/drugs/baseline.tsv); analogy: Ventolin label (GSK), d0014
675	silodosin	generic	already-correct	medium		silodosin	sˌIlədˈOsən	sˌIlədˈOsən	sˌIlədˈQsən	right		MedlinePlus (ASHP); Davis's Drug Guide (F.A. Davis), free monograph header; bold syllable = stress
676	sublocade	brand	already-correct	high		Sublocade	sˈʌbləkˌAd	sˈʌbləkˌAd	sˈʌbləkˌAd	right		DailyMed label (Indivior), Medication Guide
677	imiquimod	generic	corrected	high	yes	imiquimod	ˌɪmˈɪkwəmɑd	ˌɪmɪkwˈɪmɑd	ˌɪmɪkwˈɪmɒd	partial		MedlinePlus (ASHP); NCI Dictionary of Cancer Terms (cancer.gov glossary API); Davis's Drug Guide (F.A. Davis), free monograph header; bold syllable = stress
678	bunod	generic	corrected	high	yes	bunod	bˈunəd	bjˈunɑd	bjˈuːnɒd	wrong		MedlinePlus (ASHP)
679	latanoprostene	generic	corrected	high	yes	latanoprostene	lɑtɑnˈOpɹOstˌin	lətˌænOpɹˈɑstin	lətˌanQpɹˈɒstiːn	wrong		MedlinePlus (ASHP)
680	vyzulta	brand	corrected	high	yes	Vyzulta	vɪzˈʌltə	vIzˈʌltə		partial		FDA proprietary name review for Vyzulta (Bausch & Lomb), NDA 207795, applicant's intended pronunciation
681	alphagan	brand	already-correct	low		Alphagan	ˈælfəɡən	ˈælfəɡən	ˈalfəɡən	right		DailyMed label (Allergan), Alphagan P; analogy: NCI Dictionary of Cancer Terms, Allergan's Lumigan (d0014)
682	ertugliflozin	generic	corrected	high	yes	ertugliflozin	əɹʧˈʌɡləflˌOzɪn	ˌɜɹtuɡlɪflˈOzɪn	ˌɜːtjuːɡlɪflˈQzɪn	wrong		MedlinePlus (ASHP); Davis's Drug Guide (F.A. Davis), free monograph header; bold syllable = stress
683	austedo	brand	corrected	high	yes	Austedo	ɔstˈAdO	ɔstˈɛdO	ɔːstˈɛdQ	partial		DailyMed label (Teva Neuroscience), Medication Guide; FDA proprietary name review, NDA 208082 (Teva): applicant's intended pronunciation
684	deutetrabenazine	generic	already-correct	high		deutetrabenazine	dutˌɛtɹəbˈɛnəzˌin	dutˌɛtɹəbˈɛnəzˌin	dutˌɛtɹəbˈɛnəzˌiːn	right		MedlinePlus (ASHP); Davis's Drug Guide (F.A. Davis), free monograph header; bold syllable = stress
685	desonide	generic	already-correct	high		desonide	dˈɛsənˌId	dˈɛsənˌId	dˈɛsənˌId	right		MedlinePlus (ASHP); Davis's Drug Guide (F.A. Davis), free monograph header; bold syllable = stress
686	estarylla	brand	already-correct	low		Estarylla	ɛstɑɹˈɪlə	ɛstɑɹˈɪlə	ɛstɑɹˈɪlə	right		DailyMed label (Xiromed), Patient Information
687	misoprostol	generic	corrected	high	yes	misoprostol	mɪsOpɹˈɑstəl	mˌIsOpɹˈɑstˌɔl	mˌIsQpɹˈɒstɒl	wrong		MedlinePlus (ASHP); Wiktionary; Dictionary.com (Random House; British forms from Collins); American Heritage Dictionary; NCI Dictionary of Cancer Terms (cancer.gov glossary API); Davis's Drug Guide (F.A. Davis), free monograph header; bold syllable = stress
688	loestrin	brand	corrected	high	yes	Loestrin	lˈOstɹɪn	lOˈɛstɹɪn	lQˈɛstɹɪn	partial		FDA proprietary name review, NDA 022501 Lo Loestrin Fe (Warner Chilcott), 8 Oct 2010: applicant's intended pronunciation; DailyMed label (Teva Women's Health), Loestrin 21 / Fe 28; DailyMed label (Allergan), Lo Loestrin Fe
689	twinrix	brand	already-correct	low		Twinrix	twˈɪnɹɪks	twˈɪnɹɪks	twˈɪnɹɪks	right		DailyMed label (GSK); spelling
690	depo-medrol	brand	corrected	medium	yes	Depo-Medrol	dˌipOmˈɛdɹəl	dˌɛpOmˈɛdɹəl	dˌɛpQmˈɛdɹəl	partial		DailyMed label (Pharmacia & Upjohn, Pfizer), Depo-Provera CI Patient Information; DailyMed label (Pharmacia & Upjohn, Pfizer), depo-subQ provera 104 Patient Information; DailyMed label (Pharmacia & Upjohn, Pfizer), Depo-Medrol
691	avastin	brand	already-correct	high		Avastin	əvˈæstɪn	əvˈæstɪn	əvˈastɪn	right		NCI Dictionary of Cancer Terms (cancer.gov glossary API)
692	briviact	brand	already-correct	medium		Briviact	bɹˈɪviˌækt	bɹˈɪviˌækt	bɹˈɪviˌakt	right		DailyMed label (UCB), Medication Guide; MedlinePlus (ASHP), generic brivaracetam
693	vivitrol	brand	already-correct	high		Vivitrol	vˈɪvətɹɑl	vˈɪvətɹɑl	vˈɪvətɹɒl	right		DailyMed label (Alkermes), Medication Guide; NCI Dictionary of Cancer Terms (cancer.gov glossary API)
694	otezla	brand	already-correct	low		Otezla	Otˈɛzlə	Otˈɛzlə	Qtˈɛzlə	right		Drugs.com (search-result text; the page refuses automated fetches); DailyMed label (Amgen); FDA proprietary name memo, NDA 205437 (29 Jan 2014)
695	steglatro	brand	corrected	high	yes	Steglatro	stɛɡlˈɑtɹO	stɛɡlˈætɹO	stɛɡlˈatɹQ	partial		DailyMed label (Merck), Medication Guide; Drugs.com (search-result text; the page refuses automated fetches)
696	soliqua	brand	already-correct	medium		Soliqua	sOlˈikwə	sOlˈikwə	sQlˈiːkwə	right		DailyMed label (Sanofi), Patient Information and Instructions for Use; FDA proprietary name review, NDA 208673 (2016); FDA-approved label at approval, NDA 208673 (Nov 2016), Medication Guide and Instructions for Use
697	cartia	brand	unresolved			Cartia	kˈɑɹʃə					DailyMed label (Actavis), Cartia XT
698	rinvoq	brand	corrected	medium	yes	Rinvoq	ɹˈɪnvɑk	ɹˈɪnvˌOk	ɹˈɪnvˌQk	partial		DailyMed label (AbbVie), Medication Guide; FDA proprietary name review, Rinvoq, NDA 211675 (2019), applicant's intended pronunciation
699	belbuca	brand	unresolved			Belbuca	bɛlbˈukə					DailyMed label (BioDelivery Sciences), Medication Guide; FDA proprietary name memo, NDA 207932 (30 Jan 2015); FDA-approved label at approval, NDA 207932 (2015), Medication Guide
700	zepbound	brand	covered	high		Zepbound	zˈɛpbˌWnd					DailyMed label (Eli Lilly)
701	dovato	brand	corrected	high	yes	Dovato	dOvˈɑtO	dOvˈɑtO	dQvˈɑːtQ	right		DailyMed label (ViiV Healthcare), Patient Information
702	xtandi	brand	already-correct	high		Xtandi	ɛkstˈændi	ɛkstˈændi	ɛkstˈandi	right		DailyMed label (Astellas), Patient Information; NCI Dictionary of Cancer Terms (cancer.gov glossary API)
703	adacel	brand	already-correct	low		Adacel	ˈædəsˌɛl	ˈædəsˌɛl	ˈadəsˌɛl	right		spelling; DailyMed label (Sanofi Pasteur), Patient Information Sheet
704	solu-medrol	brand	corrected	low		Solu-Medrol	sˈɑljumˌidɹəl	sˌɑljumˈɛdɹəl	sˌɒljʊmˈɛdɹəl	partial	low confidence, and today's reading is only partly off	spelling
705	santyl	brand	already-correct	low		Santyl	sˈæntɪl	sˈæntɪl	sˈantɪl	right		DailyMed label (Smith & Nephew), Collagenase Santyl
706	alvesco	brand	corrected	high	yes	Alvesco	ɑlvˈɛskO	ælvˈɛskO	alvˈɛskQ	partial		DailyMed label (Covis Pharma), Patient Information
707	malate	salt	corrected	high	yes	malate	mˈælˌAt	mˈælˌAt	mˈalAt	right		Dictionary.com (Random House; British forms from Collins)
708	revlimid	brand	corrected	high	yes	Revlimid	ɹivlˈIməd	ɹˈɛvlɪmɪd		wrong		DailyMed label (Celgene), Medication Guide; NCI Dictionary of Cancer Terms (cancer.gov glossary API)
709	jornay	brand	corrected	high	yes	Jornay	ʤəɹnˈA	ʤˈɔɹnˌA	ʤˈɔːnˌA	partial		DailyMed label (Ironshore), Medication Guide
710	xigduo	brand	unresolved			Xigduo	zˈɪɡduO					DailyMed label (AstraZeneca), Medication Guide; DailyMed label (AstraZeneca), Farxiga, for the house format; FDA proprietary name review, NDA 205649 (2014); FDA-approved label at approval, NDA 205649 (2014), Medication Guide
711	aflibercept	generic	corrected	high	yes	aflibercept	ˈæfləbəɹsˌɛpt	əflˈɪbəɹsˌɛpt	əflˈɪbəsˌɛpt	wrong		MedlinePlus (ASHP); Wiktionary; NCI Dictionary of Cancer Terms (cancer.gov glossary API)
712	eylea	brand	corrected	high	yes	Eylea	ˈAliə	Ilˈiə	Ilˈiːə	partial		FDA proprietary name memorandum, Eylea HD, BLA 761355 (15 Aug 2023), Table 1, applicant's intended pronunciation (Regeneron); FDA proprietary name review, Eylea, BLA 125387 (2011), section 2.1 (scanned; read by OCR and checked on the page image); Drugs.com (search-result summary only; not verified, the page refuses automated fetches); DailyMed labels (Regeneron), Eylea and Eylea HD
713	omalizumab	generic	corrected	medium	yes	omalizumab	Omˌælɪzˈuməb	ˌOməlˈɪzumˌæb	ˌQməlˈɪzuːmˌab	wrong		MedlinePlus (ASHP); American Heritage Dictionary; Davis's Drug Guide (F.A. Davis), free monograph header; bold syllable = stress; Wikipedia (infobox)
714	xolair	brand	already-correct	high		Xolair	zˈOlˌɛɹ	zˈOlˌɛɹ	zˈQlˌɛː	right		DailyMed label (Genentech), Medication Guide
715	blisovi	brand	already-correct	high		Blisovi	blɪsˈOvi	blɪsˈOvi	blɪsˈQvi	right		DailyMed label (Lupin), Blisovi 24 Fe, Patient Information
716	bcise	brand	already-correct	low		Bcise	bˌisˈIs	bˌisˈIs	bˌiːsˈIs	right		FDA proprietary name review, NDA 209210 (2017), applicant's intended pronunciation
717	bydureon	brand	corrected	medium	yes	Bydureon	bIdˈʊɹiən	bIdˈʊɹiˌɑn	bIdjˈʊəɹiˌɒn	partial		FDA proprietary name review, NDA 209210 (2017), applicant's intended pronunciation (Table 1)
718	zafemy	brand	corrected	medium	yes	Zafemy	zˈAfəmi	zəfˈɛmi	zəfˈɛmi	wrong		DailyMed label (Amneal), Patient Information and Instructions for Use; DailyMed label (Mylan), Xulane, the reference patch, same respelling style; DailyMed label, Lyllana estradiol patch, same style (the spelling split into syllables plus a stress mark)
719	ajovy	brand	already-correct	high		Ajovy	əʤˈOvi	əʤˈOvi	əʤˈQvi	right		DailyMed label (Teva), Patient Information
720	pulmicort	brand	already-correct	low		Pulmicort	pˈʊlmɪkˌɔɹt	pˈʊlmɪkˌɔɹt	pˈʊlmɪkˌɔːt	right		DailyMed label (AstraZeneca), Pulmicort Respules, Instructions for Use
721	nexium	brand	already-correct	high		Nexium	nˈɛksiəm	nˈɛksiəm	nˈɛksiəm	right		DailyMed label (AstraZeneca), Medication Guide; NCI Dictionary of Cancer Terms (cancer.gov glossary API)
722	xcopri	brand	already-correct	high		Xcopri	ɛkskˈOpɹi	ɛkskˈOpɹi	ɛkskˈQpɹi	right		FDA proprietary name review, NDA 212839 (2019), applicant's intended pronunciation; DailyMed label (SK Life Science), Medication Guide
723	larin	brand	corrected	medium		Larin	lˈæɹɪn	lˈɛɹɪn	lˈɛːɹɪn	partial	decision: Larin is also a given name and a surname (rank 56,048 in the names manifest); the brand's reading only moves a vowel (LARR-in to LAIR-in), not worth changing how the name reads. Frozen in Tests/g2p/drugs-negatives.json.	DailyMed label (Northstar Rx), Larin 24 Fe, Patient Information and Instructions for Use
724	rytary	brand	corrected	high	yes	Rytary	ɹˈɪtəɹi	ɹItˈɑɹi	ɹItˈɑːɹi	wrong		FDA proprietary name review, Rytary, NDA 203312 (review package posted 2015; the 2014 re-review, Reference ID 3645377, section 1.2, scanned page read by OCR and checked on the page image); DailyMed label (Amneal); rytary.com (Amneal)
725	flexhaler	device	already-correct	low		Flexhaler	flˈɛkshˌAləɹ	flˈɛkshˌAləɹ	flˈɛkshˌAlə	right		DailyMed label (H2-Pharma), Pulmicort Flexhaler, Patient Information
726	yuvafem	brand	already-correct	low		Yuvafem	jˈuvəfˌɛm	jˈuvəfˌɛm	jˈuːvəfˌɛm	right		DailyMed label (Amneal), Patient Information
727	gavilax	brand	already-correct	low		Gavilax	ɡˈævilˌæks	ɡˈævilˌæks	ɡˈavilˌaks	right		spelling
728	ztlido	brand	corrected	medium	yes	ZTlido	ztlˈidO	zˌitˌilˈIdO	zˌiːtˌiːlˈIdQ	wrong		DailyMed label (Scilex), Patient Information; FDA proprietary name review, NDA 207962 (2018), applicant's intended pronunciation
729	trulance	brand	already-correct	high		Trulance	tɹˈuləns	tɹˈuləns	tɹˈuːləns	right		DailyMed label (Salix), Medication Guide
730	quillivant	brand	corrected	medium	yes	Quillivant	kwˈɪlɪvənt	kwˈɪləvˌænt	kwˈɪləvˌant	wrong		DailyMed label (NextWave/Tris), Quillivant XR, Medication Guide; FDA proprietary name review, Quillivant XR, NDA 202100 (2012), applicant's proposed pronunciation
731	tri-sprintec	brand	corrected	low		Tri-Sprintec	tɹˈIspɹˌɪntˌɛk	tɹˌIspɹˈɪntˌɛk		partial	low confidence, and today's reading is only partly off	DailyMed label (Teva), Patient Information and Instructions for Use; DailyMed label (RedPharm, repackaged Teva Sprintec)
732	quillichew	brand	corrected	high	yes	QuilliChew	kwˈɪlɪʧju	kwˌɪlɪʧˈu	kwˌɪlɪʧˈuː	partial		DailyMed label (NextWave/Tris), QuilliChew ER, Medication Guide; FDA proprietary name review, NDA 207960 (2015), applicant's intended pronunciation
733	genvoya	brand	already-correct	high		Genvoya	ʤɛnvˈYə	ʤɛnvˈYə	ʤɛnvˈYə	right		DailyMed label (Gilead), Patient Information
734	tiadylt	brand	already-correct	low		Tiadylt	tˈIədˌɪlt	tˈIədˌɪlt	tˈIədˌɪlt	right		spelling
735	jentadueto	brand	corrected	high	yes	Jentadueto	ʤɛntɑdwˈɛtO	ʤˈɛntədˌuətO	ʤˈɛntədjˌuːətQ	wrong		DailyMed label (Boehringer Ingelheim), Medication Guide
736	narcan	brand	corrected	high	yes	Narcan	nˈɑɹkən	nˈɑɹkˌæn	nˈɑːkˌan	partial		DailyMed label (Emergent), Patient Information and Instructions for Use; FDA proprietary name review, Narcan Nasal Spray, NDA 208411 (2015), applicant's intended pronunciation; Dictionary.com (Random House), Narcan
737	triumeq	brand	already-correct	high		Triumeq	tɹˈIumˌɛk	tɹˈIumˌɛk	tɹˈIumˌɛk	right		DailyMed label (ViiV Healthcare), Patient Information
738	lagevrio	brand	corrected	high	yes	Lagevrio	lɑʤˈɛvɹiO	ləɡˈɛvɹiO	ləɡˈɛvɹiQ	wrong		Wiktionary; Merck, EUA Fact Sheet for Patients and Caregivers
739	acid	brand	ordinary-word				ˈæsəd					
740	semglee	brand	corrected	high	yes	Semglee	sˈɛmɡli	sɛmɡlˈi	sɛmɡlˈiː	partial		DailyMed label (Biocon Biologics), Patient Information
741	spravato	brand	corrected	high	yes	Spravato	spɹɑvˈɑtO	spɹɑvˈɑtO	spɹɑːvˈɑːtQ	right		DailyMed label (Janssen), Medication Guide and Instructions for Use
742	aristada	brand	corrected	high	yes	Aristada	ɑɹistˈɑdə	ˌɛɹɪstˈɑdə	ˌɛːɹɪstˈɑːdə	wrong		DailyMed label (Alkermes), Patient Information
743	lauroxil	salt	already-correct	low		lauroxil	lɔɹˈɑksəl	lɔɹˈɑksəl	lɔɹˈɒksəl	right		spelling
744	slynd	brand	already-correct	high		Slynd	slˈɪnd	slˈɪnd	slˈɪnd	right		DailyMed label (Exeltis), Patient Information
745	hailey	brand	ordinary-word				hˈAli					DailyMed label (Glenmark), Hailey 24 Fe, Patient Information
746	stelara	brand	corrected	medium	yes	Stelara	stɛlˈɑɹə	stɛlˈɑɹə	stɛlˈɑːɹə	right		DailyMed label (Janssen), Medication Guide and Instructions for Use
747	vemlidy	brand	already-correct	high		Vemlidy	vˈɛmlɪdi	vˈɛmlɪdi	vˈɛmlɪdi	right		DailyMed label (Gilead Sciences)
748	natroba	brand	corrected	high	yes	Natroba	nɑtɹˈObə	nɑtɹˈObə	nɑːtɹˈQbə	right		DailyMed label (ParaPRO)
749	abatacept	generic	corrected	medium	yes	abatacept	ˌæbətˈɑsəpt	ˌæbətˈæsɛpt	ˌabətˈasɛpt	wrong		MedlinePlus (ASHP); Davis's Drug Guide (F.A. Davis), free monograph header; bold syllable = stress
750	orencia	brand	corrected	medium	yes	Orencia	ɔɹˈɛnʧə	Oɹˈɛnsiə	Qɹˈɛnsiə	wrong		Drugs.com (search-result summary; the page refuses automated fetches); orencia.com (Bristol Myers Squibb) and the DailyMed label
751	westab	brand	already-correct	low		WestAb	wˈɛstˌæb	wˈɛstˌæb	wˈɛstˌab	right		DailyMed SPL listing (Westminster Pharmaceuticals)
752	epidiolex	brand	corrected	high	yes	Epidiolex	ɪpˈɪdiOlˌɛks	ˌɛpɪdˈIOlˌɛks	ˌɛpɪdˈIQlˌɛks	wrong		DailyMed label (Jazz Pharmaceuticals); FDA proprietary name review, NDA 210365 (2018)
753	senexon-s	brand	corrected	low	yes	Senexon-S	sˈɛnəksənz	sˈɛnəksənˌɛs		wrong		DailyMed label (Rugby Laboratories); DailyMed label (MedSource), the senna-only product
754	dotti	brand	already-correct	high		Dotti	dˈɑti	dˈɑti	dˈɒti	right		DailyMed label (Amneal), Patient Information
755	xeljanz	brand	corrected	high	yes	Xeljanz	zˈɛlʤənz	zˈɛlʤˌæns	zˈɛlʤˌans	wrong		DailyMed label (Pfizer), Medication Guide
756	azstarys	brand	corrected	high	yes	Azstarys	ˈæstəɹiz	æzstˈɑɹɪs	azstˈɑːɹɪs	wrong		DailyMed label (Commave/Corium), Medication Guide; FDA proprietary name review, NDA 212994 (2021), applicant's intended pronunciation
757	nuedexta	brand	corrected	high	yes	Nuedexta	nˌudˈɛkstə	nˈudˌɛkstə	njˈuːdˌɛkstə	partial		FDA proprietary name review, NDA 021879 (14 Oct 2010)
758	orgovyx	brand	corrected	high	yes	Orgovyx	ˈɔɹɡOvˌɪks	ɔɹɡˈOvɪks	ɔːɡˈQvɪks	partial		DailyMed label (Sumitomo Pharma), Patient Information; FDA proprietary name review, NDA 214621 (2020), applicant's intended pronunciation; NCI Dictionary of Cancer Terms (cancer.gov glossary API)
759	zubsolv	brand	already-correct	medium		Zubsolv	zəbsˈɑlv	zəbsˈɑlv	zəbsˈɒlv	right		DailyMed label (Orexo); FDA proprietary name review, NDA 204242 (2013)
760	levoxyl	brand	corrected	high	yes	Levoxyl	lˈɛvəksɪl	lɛvˈɑksɪl	lɛvˈɒksɪl	partial		DailyMed label (Pfizer)
761	lybalvi	brand	corrected	high	yes	Lybalvi	lˈIbɑlvi	libˈɔlvi	libˈɔːlvi	wrong		DailyMed label (Alkermes)
762	skyrizi	brand	corrected	high	yes	Skyrizi	skˈIɹˌIzi	skIɹˈɪzi	skIɹˈɪzi	partial		DailyMed label (AbbVie)
763	veltassa	brand	already-correct	high		Veltassa	vɛltˈæsə	vɛltˈæsə	vɛltˈasə	right		FDA proprietary name review, NDA 205739 (2015), applicant's intended pronunciation
764	sutab	brand	already-correct	high		Sutab	sˈutˌæb	sˈutˌæb	sˈuːtˌab	right		FDA proprietary name review, NDA 213135 (2020), applicant's intended pronunciation; DailyMed label (Braintree), Medication Guide
765	baqsimi	brand	corrected	medium	yes	Baqsimi	bæksˈimi	bˈæksimi	bˈaksimi	partial		DailyMed label (Amphastar, which bought Baqsimi from Lilly), Patient Information issued April 2025; FDA proprietary name review, NDA 210134 (2019), applicant's intended pronunciation
766	disoproxil	salt	corrected	high	yes	disoproxil	dˌɪsəpɹˈɑksəl	dˌIsOpɹˈɑksɪl	dˌIsQpɹˈɒksɪl	wrong		MedlinePlus (ASHP); MedlinePlus (ASHP)
767	velphoro	brand	unresolved			Velphoro	vˈɛlfəɹO					FDA proprietary name review, NDA 205109 (2013); DailyMed label (Fresenius Medical Care) and velphoro.us
768	histex	brand	already-correct	low		Histex	hˈɪstɛks	hˈɪstɛks	hˈɪstɛks	right		DailyMed label (Allegis Pharmaceuticals)
769	clenpiq	brand	already-correct	high		Clenpiq	klˈɛnpɪk	klˈɛnpɪk	klˈɛnpɪk	right		DailyMed label (Ferring)
770	vienva	brand	corrected	low		Vienva	vˈinvə	viˈɛnvə	viˈɛnvə	partial	low confidence, and today's reading is only partly off	MedlinePlus (ASHP), Ethinyl Estradiol and Levonorgestrel
771	valtoco	brand	corrected	high	yes	Valtoco	vɔltˈOkO	vˈæltOkˌO	vˈaltQkˌQ	partial		FDA proprietary name review, NDA 211635 (2020), applicant's intended pronunciation; DailyMed label (Neurelis)
772	asmanex	brand	corrected	high	yes	Asmanex	ˈæsmənˌɛks	ˈæzmənˌɛks	ˈazmənˌɛks	partial		DailyMed label (Organon), Asmanex HFA
773	ofev	brand	corrected	high	yes	Ofev	Ofˈɛv	ˈOfɛv	ˈQfɛv	partial		DailyMed label (Boehringer Ingelheim)
774	auvelity	brand	corrected	high	yes	Auvelity	ɑvˈɛləti	ɔvˈɛləti	ɔːvˈɛləti	partial		DailyMed label (Axsome)
775	hydrochloride	salt	already-correct	high		hydrochloride	hˌIdɹəklˈɔɹˌId	hˌIdɹəklˈɔɹˌId	hˌIdɹQklˈɔːɹId	right		Dictionary.com (Random House; British forms from Collins)
776	mili	brand	unresolved			Mili	mˈIli					MedlinePlus (ASHP), Ethinyl Estradiol and Norgestimate
777	zemplar	brand	already-correct	low		Zemplar	zˈɛmpləɹ	zˈɛmpləɹ	zˈɛmplə	right		DailyMed label (AbbVie), Zemplar capsules
778	gvoke	brand	already-correct	high		Gvoke	ʤˌivˈOk	ʤˌivˈOk	ʤˌiːvˈQk	right		DailyMed label (Xeris); FDA proprietary name review, NDA 212097 (2019), applicant's intended pronunciation
779	mycophenolic	brand	corrected	medium	yes	mycophenolic	mˌIkOfənˈɑlɪk	mˌIkOfɪnˈOlɪk	mˌIkQfənˈɒlɪk	wrong		Wiktionary (mycophenolic acid); Dictionary.com (phenolic); MedlinePlus (ASHP), Mycophenolate (covers Myfortic, mycophenolic acid); Davis's Drug Guide, mycophenolic acid (stressed syllable in bold)
780	klayesta	brand	corrected	low		Klayesta	klˈAstə	klAˈɛstə		partial	low confidence, and today's reading is only partly off	DailyMed label (Epic Pharma, ANDA210532)
781	lyrica	brand	already-correct	high		Lyrica	lˈɪɹɪkə	lˈɪɹɪkə	lˈɪɹɪkə	right		DailyMed label (Parke-Davis/Pfizer)
782	nexplanon	brand	unresolved			Nexplanon	nˈɛksplˌænən					DailyMed label (Organon), Patient Package Insert (first 100,000 characters read); nexplanon.com (Organon)
783	m-natal	brand	already-correct	low		M-Natal	ˈɛmnˌATᵊl	ˈɛmnˌATᵊl	ˈɛmnˌAtᵊl	right		spelling
784	norethindron-ethinyl	brand	not-a-drug				nˌɔɹiθˈɪndɹənˌɛθɪni					
785	aurovela	brand	already-correct	low		Aurovela	ˌɔɹOvˈɛlə	ˌɔɹOvˈɛlə	ˌɔːɹQvˈɛlə	right		MedlinePlus (ASHP), Ethinyl Estradiol and Norethindrone
786	symtuza	brand	corrected	high	yes	Symtuza	sɪmtˈuzə	sɪmtˈuzə	sɪmtjˈuːzə	right		DailyMed label (Janssen), Patient Information; FDA proprietary name review, NDA 210455 (4 Dec 2017)
787	imbruvica	brand	already-correct	high		Imbruvica	ˌɪmbɹˈuvɪkə	ˌɪmbɹˈuvɪkə	ˌɪmbɹˈuːvɪkə	right		DailyMed label (Pharmacyclics/Janssen); NCI Dictionary of Cancer Terms (cancer.gov glossary API)
788	taltz	brand	corrected	high	yes	Taltz	tˈælts	tˈɔlts	tˈɔːlts	partial		FDA proprietary name review, BLA 125521 (2016), applicant's intended pronunciation (Eli Lilly)
789	odefsey	brand	already-correct	high		Odefsey	Odˈɛfsi	Odˈɛfsi	Qdˈɛfsi	right		DailyMed label (Gilead Sciences), Patient Information; FDA proprietary name review, NDA 208351 (2016); POZ drug guide (search-result summary; the page refuses automated fetches)
790	bupivacaine	brand	corrected	high	yes	bupivacaine	bjˈupɪvəkˌAn	bjupˈɪvəkˌAn	bjuːpˈɪvəkˌAn	partial		Wiktionary; Dictionary.com; Davis's Drug Guide (stressed syllable in bold)
791	retacrit	brand	corrected	high	yes	Retacrit	ɹitˈækɹɪt	ɹˈɛtəkɹɪt		wrong		DailyMed label (Pfizer); NCI Dictionary of Cancer Terms (cancer.gov glossary API)
792	miebo	brand	corrected	medium	yes	Miebo	mˈibO	mˈIbO	mˈIbQ	partial		Wikipedia, Perfluorohexyloctane (infobox and lead footnote; uncited); DailyMed label (Bausch & Lomb); FDA proprietary name review, NDA 216675 (2023 re-assessment); miebo.com (Bausch + Lomb)
793	aptiom	brand	corrected	high	yes	Aptiom	ˈæpʃəm	æptˈiɑm	aptˈiːɒm	wrong		DailyMed label (Sunovion)
794	dilantin	brand	already-correct	high		Dilantin	dˌIlˈæntɪn	dˌIlˈæntɪn	dIlˈantɪn	right		DailyMed label (Viatris), Patient Information; Dictionary.com (Random House)
795	ibrance	brand	corrected	high	yes	Ibrance	ˈIbɹəns	ˈIbɹˌæns	ˈIbɹˌans	partial		DailyMed label (Pfizer); FDA proprietary name review, NDA 207103 (2015); NCI Dictionary of Cancer Terms (cancer.gov glossary API)
796	livalo	brand	unresolved			Livalo	lɪvˈɑlO					MedlinePlus (ASHP), Pitavastatin
797	tri-lo-mili	brand	unresolved			Tri-Lo-Mili	tɹˈIlˌOmˌili					spelling
798	glyxambi	brand	corrected	high	yes	Glyxambi	ɡlɪɡzˈæmbi	ɡlɪksˈæmbi	ɡlɪksˈambi	wrong		DailyMed label (Boehringer Ingelheim)
799	nuplazid	brand	corrected	high	yes	Nuplazid	nuplˈAzəd	nuplˈæzɪd	njuːplˈazɪd	wrong		FDA proprietary name review, NDA 207318 (2016), applicant's intended pronunciation
800	disodium	salt	corrected	high	yes	disodium	dɪsˈOdiəm	dIsˈOdiəm	dIsˈQdiəm	partial		Dictionary.com (Random House; British forms from Collins); Dictionary.com (Random House; British forms from Collins)
801	infliximab	generic	already-correct	high		infliximab	ɪnflˈɪksɪmˌæb	ɪnflˈɪksɪmˌæb	ɪnflˈɪksɪmˌab	right		MedlinePlus (ASHP); Wiktionary; NCI Dictionary of Cancer Terms
802	prempro	brand	already-correct	low		Prempro	pɹˈɛmpɹO	pɹˈɛmpɹO	pɹˈɛmpɹQ	right		DailyMed label, Prempro/Premphase, Patient Information; spelling
803	procrit	brand	corrected	high	yes	Procrit	pɹOkɹˌɪt	pɹˈOkɹɪt	pɹˈQkɹɪt	partial		DailyMed label (Janssen), Medication Guide and Instructions for Use (rev. 04/2024); NCI Dictionary of Cancer Terms (cancer.gov glossary API)
804	bevespi	brand	already-correct	high		Bevespi	bɛvˈɛspi	bɛvˈɛspi	bɛvˈɛspi	right		DailyMed label (AstraZeneca), Patient Information
805	dexilant	brand	corrected	medium	yes	Dexilant	dˈɛksələnt	dˈɛksɪlˌɔnt	dˈɛksɪlˌɔːnt	wrong		DailyMed label (Takeda), Medication Guide heading; DailyMed label (Dexilant, repackaged by Physicians Total Care, 2012), Medication Guide
806	jakafi	brand	corrected	high	yes	Jakafi	ʤəkˈɑfi	ʤˈækəfˌI	ʤˈakəfˌI	wrong		DailyMed label (Incyte), Patient Information; NCI Dictionary of Cancer Terms (cancer.gov glossary API)
807	juluca	brand	corrected	high	yes	Juluca	ʤˈuləkə	ʤəlˈukə	ʤəlˈuːkə	wrong		DailyMed label (ViiV Healthcare), Patient Information
808	tocilizumab	generic	corrected	high	yes	tocilizumab	tˌɑsəlɪzˈuməb	tˌOsɪlˈɪzumˌæb	tˌQsɪlˈɪzuːmˌab	wrong		MedlinePlus (ASHP); NCI Dictionary of Cancer Terms
809	proair	brand	already-correct	high		ProAir	pɹˈOˌɛɹ	pɹˈOˌɛɹ	pɹˈQˌɛː	right		DailyMed label (Teva Respiratory), ProAir Digihaler, Patient Information and Instructions for Use; DailyMed label (Teva), ProAir RespiClick, Patient Information
810	trijardy	brand	corrected	high	yes	Trijardy	tɹˈIʤˌɑɹdi	tɹIʤˈɑɹdi	tɹIʤˈɑːdi	partial		DailyMed label (Boehringer Ingelheim), Medication Guide heading
811	prezcobix	brand	already-correct	medium		Prezcobix	pɹɛzkˈObɪks	pɹɛzkˈObɪks	pɹɛzkˈQbɪks	right		DailyMed label (Janssen), Patient Information; Drugs.com (search-result text; the page refuses automated fetches); FDA proprietary name review, NDA 205395 (submission of 14 Jan 2014)
812	actemra	brand	already-correct	high		Actemra	æktˈɛmɹə	æktˈɛmɹə	aktˈɛmɹə	right		NCI Dictionary of Cancer Terms (cancer.gov glossary API); DailyMed label (Genentech)
813	risperdal	brand	corrected	high	yes	Risperdal	ɹɪspˈɜɹdəl	ɹˈɪspəɹdˌæl	ɹˈɪspədˌal	wrong		DailyMed label (Janssen), Instructions for Use, oral solution (2026); NCI Dictionary of Cancer Terms (cancer.gov glossary API)
814	prevident	brand	already-correct	low		PreviDent	pɹˈɛvədənt	pɹˈɛvədənt	pɹˈɛvədənt	right		DailyMed label (Colgate Oral Pharmaceuticals), PreviDent 5000 Dry Mouth
815	fycompa	brand	already-correct	high		Fycompa	fIkˈɑmpə	fIkˈɑmpə	fIkˈɒmpə	right		DailyMed label (Eisai), Medication Guide
816	comirnaty	brand	already-correct	medium		Comirnaty	kəmˈɜɹnəti	kəmˈɜɹnəti	kəmˈɜːnəti	right		DailyMed label (Pfizer), Patient Information
817	motegrity	brand	already-correct	high		Motegrity	mOtˈɛɡɹəti	mOtˈɛɡɹəti	mQtˈɛɡɹəti	right		DailyMed label (Takeda), Patient Information
818	brukinsa	brand	corrected	high	yes	Brukinsa	bɹukˈɪnsə	bɹˈukɪnsə	bɹˈuːkɪnsə	partial		DailyMed label (BeOne Medicines), Patient Information; NCI Dictionary of Cancer Terms (cancer.gov glossary API)
819	nayzilam	brand	already-correct	high		Nayzilam	nˈAzɪlˌæm	nˈAzɪlˌæm	nˈAzɪlˌam	right		DailyMed label (UCB), Patient Information
820	namzaric	brand	corrected	high	yes	Namzaric	nˈæmzəɹɪk	næmzˈɛɹɪk	namzˈɛːɹɪk	partial		DailyMed label, Patient Package Insert
821	parsabiv	brand	unresolved			Parsabiv	pˌɑɹsəbˈiv	pˈɑɹsəbɪv	pˈɑːsəbɪv	partial		DailyMed label (Amgen); FDA proprietary name review, NDA 208325
822	jublia	brand	corrected	medium	yes	Jublia	ʤˈubliə	ʤublˈiə	ʤuːblˈiːə	partial		FDA proprietary name review, NDA 203567 (26 Mar 2014), applicant's intended pronunciation; DailyMed label (Bausch Health), Patient Information and Instructions for Use
823	calquence	brand	already-correct	high		Calquence	kˈælkwəns	kˈælkwəns	kˈalkwəns	right		DailyMed label (AstraZeneca), Patient Information; NCI Dictionary of Cancer Terms (cancer.gov glossary API)
824	mirena	brand	already-correct	medium		Mirena	mɪɹˈAnə	mɪɹˈAnə	mɪɹˈAnə	right		DailyMed label (Bayer), Patient Package Insert
825	prolensa	brand	already-correct	low		Prolensa	pɹˌOlˈɛnsə	pɹˌOlˈɛnsə	pɹˌQlˈɛnsə	right		DailyMed label (Bausch & Lomb); FDA proprietary name review, NDA 203168 (submission of 31 Aug 2012)
826	dilaudid	brand	already-correct	high		Dilaudid	dIlˈɔdəd	dIlˈɔdəd	dIlˈɔːdəd	right		NCI Dictionary of Cancer Terms (cancer.gov glossary API); DailyMed label (Rhodes Pharmaceuticals), Medication Guide
827	clickject	device	already-correct	low		ClickJect	klˈɪkʤˌɛkt	klˈɪkʤˌɛkt	klˈɪkʤˌɛkt	right		DailyMed label (E.R. Squibb & Sons), Orencia
828	nuvaring	brand	corrected	high	yes	NuvaRing	nuvˈɛɹɪŋ	nˈuvəɹˌɪŋ	njˈuːvəɹˌɪŋ	partial		DailyMed label (Organon), Patient Information
829	vitafol	brand	unresolved			Vitafol	vˈɪtəfɑl					DailyMed label (Exeltis USA), Vitafol One
830	leuprolide	generic	already-correct	medium		leuprolide	lˈupɹəlˌId	lˈupɹəlˌId	lˈuːpɹəlˌId	right		Wiktionary; NCI Dictionary of Cancer Terms; MedlinePlus (ASHP); Davis's Drug Guide (drugguide.com)
831	jencycla	brand	unresolved			Jencycla	ʤˈɛnsˌIklə					DailyMed label (Lupin), Patient Labeling
832	sudogest	brand	already-correct	low		SudoGest	sˈudəʤəst	sˈudəʤəst	sˈuːdəʤəst	right		DailyMed label (Major Pharmaceuticals), principal display panel; MedlinePlus (ASHP), pseudoephedrine (lists SudoGest®)
833	cequa	brand	already-correct	high		Cequa	sˈikwə	sˈikwə	sˈiːkwə	right		FDA proprietary name review, NDA 210913 (submission of 9 Nov 2017), applicant's intended pronunciation
834	trihydrate	salt	corrected	high	yes	trihydrate	tɹˈIhˌIdɹˌAt	tɹIhˈIdɹˌAt	tɹIhˈIdɹAt	partial		Dictionary.com (Random House Unabridged)
835	aranesp	brand	corrected	high	yes	Aranesp	əɹˈAnsp	ˈɛɹənˌɛsp	ˈɛːɹənˌɛsp	wrong		DailyMed label (Amgen), Medication Guide; NCI Dictionary of Cancer Terms (cancer.gov glossary API)
836	venclexta	brand	already-correct	high		Venclexta	vɛnklˈɛkstə	vɛnklˈɛkstə	vɛnklˈɛkstə	right		DailyMed label (AbbVie), Medication Guide; NCI Dictionary of Cancer Terms (cancer.gov glossary API)
837	loryna	brand	unresolved			Loryna	lˈɔɹɪnə					DailyMed label (Xiromed), Guide for Using Loryna
838	opsumit	brand	corrected	high	yes	Opsumit	əpsˈumɪt	ˈɑpsəmɪt	ˈɒpsəmɪt	wrong		DailyMed label (Actelion), Medication Guide
839	flovent	brand	corrected	high	yes	Flovent	flˈʌvənt	flˈOvˌɛnt	flˈQvˌɛnt	wrong		DailyMed label (GSK, repackaged by A-S Medication Solutions), Patient Information
840	sps	brand	already-correct	low		SPS	ˌɛspˌiˈɛs	ˌɛspˌiˈɛs	ˌɛspˌiːˈɛs	right		MedlinePlus (ASHP), sodium polystyrene sulfonate
841	derma-smoothe-fs	brand	corrected	low	yes	Derma-Smoothe/FS	dˌɜɹməzmˈuðz	dˌɜɹməsmˈuðˌɛfˌɛs	dˌɜːməsmˈuːðˌɛfˌɛs	wrong		DailyMed label (Royal Pharmaceuticals)
842	savella	brand	already-correct	medium		Savella	səvˈɛlə	səvˈɛlə	səvˈɛlə	right		DailyMed label (Allergan), Medication Guide heading
843	lyumjev	brand	corrected	high	yes	Lyumjev	ljˈumʤˌɛv	lˈumʤˌɛv	lˈuːmʤˌɛv	partial		DailyMed label (Eli Lilly), Patient Information
844	unithroid	brand	already-correct	low		Unithroid	jˈunɪθɹˌYd	jˈunɪθɹˌYd	jˈuːnɪθɹˌYd	right		DailyMed label (Amneal); spelling
845	opzelura	brand	already-correct	medium		Opzelura	ˌɑpzəlˈʊɹə	ˌɑpzəlˈʊɹə	ˌɒpzəlˈʊɹə	right		DailyMed label (Incyte), Medication Guide heading; FDA proprietary name review, NDA 215309 (26 May 2021)
846	vyndamax	brand	already-correct	high		Vyndamax	vˈɪndəmˌæks	vˈɪndəmˌæks	vˈɪndəmˌaks	right		DailyMed label (Pfizer), Vyndaqel/Vyndamax Patient Package Insert
847	nexletol	brand	corrected	high	yes	Nexletol	nˈɛksəltəl	nˈɛkslətˌɔl	nˈɛkslətˌɒl	wrong		DailyMed label (Esperion), Patient Information; Esperion, nexlizet.com/nexletol
848	mepolizumab	generic	corrected	high	yes	mepolizumab	mˌɛpəlˈɪzumˌæb	mˌɛpOlˈɪzjumˌæb	mˌɛpQlˈɪzjuːmˌab	wrong		MedlinePlus (ASHP); Davis's Drug Guide (drugguide.com)
849	nucala	brand	corrected	high	yes	Nucala	nukˈɑlə	nukˈɑlə	njuːkˈɑːlə	right		DailyMed label (GSK), Patient Information
850	nexlizet	brand	corrected	high	yes	Nexlizet	nˈɛkslˌIzət	nˈɛkslizˌɛt	nˈɛksliːzˌɛt	wrong		DailyMed label (Esperion), Patient Information; Esperion, nexlizet.com/nexletol
851	edisylate	salt	unresolved			edisylate	ˈɛdəsəlˌAt	ɪdˈɪsəlˌAt	ɪdˈɪsəlˌAt	wrong		Wiktionary (besylate)
852	lamictal	brand	already-correct	medium		Lamictal	ləmˈɪktəl	ləmˈɪktəl	ləmˈɪktəl	right		DailyMed label (GSK), Medication Guide
853	tagrisso	brand	corrected	high	yes	Tagrisso	tɑɡɹˈisO	təɡɹˈɪsO	təɡɹˈɪsQ	wrong		DailyMed label (AstraZeneca), Patient Information; NCI Dictionary of Cancer Terms (cancer.gov glossary API)
854	tegretol	brand	already-correct	medium		Tegretol	tˈɛɡɹətɑl	tˈɛɡɹətɑl	tˈɛɡɹətɒl	right		DailyMed label (Novartis), Medication Guide heading
855	tobradex	brand	corrected	low		TobraDex	tˈɑbɹədˌɛks	tˈObɹədˌɛks	tˈQbɹədˌɛks	partial	low confidence, and today's reading is only partly off	MedlinePlus (ASHP), tobramycin (lists TobraDex®); DailyMed label (Alcon, repackaged by Rebel Distributors)
856	gammagard	brand	already-correct	low		Gammagard	ɡˈæməɡˌɑɹd	ɡˈæməɡˌɑɹd	ɡˈaməɡˌɑːd	right		DailyMed label (Takeda), Gammagard Liquid
857	pomalyst	brand	corrected	high	yes	Pomalyst	pˈOməlɪst	pˈɑməlɪst	pˈɒməlɪst	partial		DailyMed label (Celgene), Medication Guide; NCI Dictionary of Cancer Terms (cancer.gov glossary API)
858	lexiscan	brand	already-correct	low		Lexiscan	lˈɛksɪskˌæn	lˈɛksɪskˌæn	lˈɛksɪskˌan	right		DailyMed label (Astellas); spelling
859	benlysta	brand	already-correct	high		Benlysta	bɛnlˈɪstə	bɛnlˈɪstə	bɛnlˈɪstə	right		DailyMed label (GSK)
860	tyrvaya	brand	corrected	medium	yes	Tyrvaya	təɹvˈɑjə	tɪɹvˈIə	tɪəvˈIə	wrong		DailyMed label (Oyster Point / Viatris), Patient Package Insert and Instructions for Use (revised 7/2026); FDA proprietary name review, NDA 213978 (1 Oct 2021), applicant's submission of 18 Aug 2021
861	gadavist	brand	already-correct	medium		Gadavist	ɡˈædəvɪst	ɡˈædəvɪst	ɡˈadəvɪst	right		DailyMed label (Bayer), Medication Guide
862	butrans	brand	corrected	high	yes	Butrans	bˈʌtɹənz	bjˈutɹˌæns	bjˈuːtɹˌans	wrong		DailyMed label (Knoa Pharma), Medication Guide and Instructions for Use
863	verzenio	brand	corrected	high	yes	Verzenio	vəɹzˈiniO	vəɹzˈɛniO	vəzˈɛniQ	partial		DailyMed label (Eli Lilly), Patient Information; NCI Dictionary of Cancer Terms (cancer.gov glossary API)
864	erleada	brand	already-correct	high		Erleada	əɹlˈidə	əɹlˈidə	əlˈiːdə	right		DailyMed label (Janssen), Patient Information and Instructions for Use (revised 06/2026); NCI Dictionary of Cancer Terms (cancer.gov glossary API)
865	rynex	brand	corrected	low	yes	Rynex	ɹˈɪnəks	ɹˈInɛks		wrong		DailyMed labels (Edwards Pharmaceuticals), Rynex PSE and Rynex DM; spelling
866	veozah	brand	already-correct	high		Veozah	viˈOzə	viˈOzə	viˈQzə	right		DailyMed label (Astellas), Patient Information
867	eucrisa	brand	corrected	high	yes	Eucrisa	jukɹˈisə	jukɹˈɪsə	juːkɹˈɪsə	partial		DailyMed label (Pfizer), Patient Information (revised 4/2023); Wikipedia (Crisaborole), infobox pronunciation (the brand's form)
868	fiber-lax	brand	already-correct	medium		Fiber-Lax	fˈIbəɹlˌæks	fˈIbəɹlˌæks	fˈIbəlˌaks	right		spelling
869	lotemax	brand	corrected	high	yes	Lotemax	lˈOtmˌæks	lˈOtəmˌæks	lˈQtəmˌaks	partial		FDA proprietary name review, NDA 208219 (Lotemax SM, 27 Dec 2018), Table 1 product information; DailyMed labels (Bausch & Lomb), Lotemax gel, ointment, suspension and Lotemax SM
870	robafen	brand	already-correct	low		Robafen	ɹˈɑbəfən	ɹˈɑbəfən	ɹˈɒbəfən	right		DailyMed label (Major Pharmaceuticals), Robafen DM; Longman Dictionary of Contemporary English (Robitussin); Wiktionary (Robitussin)
871	estring	brand	corrected	low		Estring	ˈɛstəɹɪŋ	ˈɛstɹˌɪŋ		partial	low confidence, and today's reading is only partly off	DailyMed label (Pfizer), Patient Information (revised 4/2026); spelling
872	keppra	brand	already-correct	high		Keppra	kˈɛpɹə	kˈɛpɹə	kˈɛpɹə	right		DailyMed label (UCB), Medication Guide
873	depakote	brand	already-correct	medium		Depakote	dˈɛpəkˌOt	dˈɛpəkˌOt	dˈɛpəkˌQt	right		DailyMed label (AbbVie), Depakote delayed-release tablets, Medication Guide
874	vimpat	brand	already-correct	high		Vimpat	vˈɪmpæt	vˈɪmpæt	vˈɪmpat	right		DailyMed label (UCB), Medication Guide
875	gamunex-c	brand	corrected	low	yes	Gamunex-C	ɡˈæmjunˌɛksk	ɡˈæmjunˌɛks sˈi	ɡˈamjuːnˌɛks sˈiː	wrong		DailyMed label (Grifols); spelling
876	kesimpta	brand	corrected	medium	yes	Kesimpta	kɪsˈɪmptə	kˈisɪmptə	kˈiːsɪmptə	partial		DailyMed label (Novartis), Medication Guide (revised 4/2026) and Instructions for Use (2022, 2024); FDA proprietary name review, BLA 125326/S-070 (in the 2020 approval package), Novartis's submission of 6 Jan 2020
877	tymlos	brand	corrected	high	yes	Tymlos	tˈɪmlOz	tɪmlˈOz	tɪmlˈQz	partial		DailyMed label (Radius Health), Medication Guide and Instructions for Use (revised 08/2026); FDA proprietary name review, NDA 208743 (2017), applicant's intended pronunciation
878	brixadi	brand	corrected	medium	yes	Brixadi	bɹɪksˈɑdi	bɹɪksˈædi	bɹɪksˈadi	partial		FDA proprietary name reviews, NDA 210136 (three reviews, 2018 to 2023, in the 2024 review package); DailyMed label (Braeburn), Medication Guide; FDA prescription simulation study for Brixadi (2 Dec 2022), voice responses, same PDF
879	ella	brand	ordinary-word			ella	ˈɛlə					DailyMed label (HRA Pharma / Afaxys), Patient Information
880	tirosint	brand	corrected	medium	yes	Tirosint	tˈIɹəsɪnt	tˈiɹOsˌɛnt	tˈiːɹQsˌɛnt	wrong		DailyMed label (IBSA), Tirosint capsules, Patient Information (October 2022); DailyMed label (IBSA), Tirosint-SOL, Patient Information (07/2024); FDA proprietary name review, NDA 206977 (Tirosint-SOL, 2016), applicant's submission of 9 Mar 2016
881	keytruda	brand	already-correct	high		Keytruda	kˌitɹˈudə	kˌitɹˈudə	kˌiːtɹˈuːdə	right		NCI Dictionary of Cancer Terms (cancer.gov glossary API); DailyMed label (Merck), Medication Guide (revised July 2026)
882	pembrolizumab	generic	corrected	high	yes	pembrolizumab	pˌɛmbɹəlˈIzˌumæb	pˌɛmbɹOlˈɪzumˌæb	pˌɛmbɹQlˈɪzuːmˌab	wrong		MedlinePlus (ASHP); NCI Dictionary of Cancer Terms; Davis's Drug Guide (drugguide.com)
883	m-dryl	brand	already-correct	low		M-Dryl	ˈɛmdɹˌɪl	ˈɛmdɹˌɪl	ˈɛmdɹˌɪl	right		DailyMed label (Method Pharmaceuticals); spelling
884	lupron	brand	corrected	high	yes	Lupron	lˈupɹən	lˈupɹˌɑn	lˈuːpɹˌɒn	partial		DailyMed label (AbbVie), Lupron Depot-PED Medication Guide (revised November 2025); NCI Dictionary of Cancer Terms (cancer.gov glossary API search)
885	apri	brand	unresolved			Apri	ˈApɹˌI					
886	trikafta	brand	already-correct	high		Trikafta	tɹɪkˈæftə	tɹɪkˈæftə	tɹɪkˈaftə	right		DailyMed label (Vertex), Medication Guide (revised 03/2026)
887	isentress	brand	corrected	medium	yes	Isentress	ˈIzəntɹɪs	Isˈɛntɹɪs		wrong		DailyMed label (Merck), Patient Information; DailyMed label (Merck), Patient Information (May 2022)
888	edarbi	brand	already-correct	high		Edarbi	ɛdˈɑɹbi	ɛdˈɑɹbi	ɛdˈɑːbi	right		DailyMed label (Azurity / Arbor)
889	relistor	brand	corrected	medium	yes	Relistor	ɹilˈɪstəɹ	ɹˈɛlɪstˌɔɹ	ɹˈɛlɪstˌɔː	wrong		DailyMed label (Salix), Medication Guide and Instructions for Use
890	benralizumab	generic	corrected	high	yes	benralizumab	bˌɛnɹəlɪzˈuməb	bˌɛnɹəlˈɪzjumˌæb	bˌɛnɹəlˈɪzjuːmˌab	wrong		MedlinePlus (ASHP); Davis's Drug Guide (drugguide.com)
891	fasenra	brand	already-correct	medium		Fasenra	fəsˈɛnɹə	fəsˈɛnɹə	fəsˈɛnɹə	right		DailyMed label (AstraZeneca), Patient Information and Instructions for Use (revised May 2026)
892	nubeqa	brand	corrected	high	yes	Nubeqa	nubˈAkə	nˈubəkə	njˈuːbəkə	partial		DailyMed label (Bayer), Patient Information (revised 9/2026); NCI Dictionary of Cancer Terms (cancer.gov glossary API)
893	auryxia	brand	already-correct	low		Auryxia	ɔɹˈɪksiə	ɔɹˈɪksiə	ɔɹˈɪksiə	right		DailyMed label (Akebia); FDA proprietary name review, NDA 205874 (2014)
894	dimaphen	brand	corrected	low		Dimaphen	dImˈæfən	dˈIməfən		partial	low confidence, and today's reading is only partly off	DailyMed label (Major Pharmaceuticals), Children's Dimaphen DM; CMUdict (today's reading of Dimetapp in the app)
895	aviane	brand	unresolved			Aviane	ˌAviˈæn					DailyMed label (Teva)
896	cryselle	brand	already-correct	low		Cryselle	kɹɪsˈɛl	kɹɪsˈɛl	kɹɪsˈɛl	right		DailyMed label (Teva), Patient Information (Rev. H 12/2024); spelling
897	neupro	brand	corrected	high	yes	Neupro	nˈupɹO	nˈupɹO	njˈuːpɹQ	right		DailyMed label (UCB), Patient Information and Instructions for Use
898	nikki	brand	ordinary-word			Nikki	nˈɪki					Wiktionary (Nikki)
899	paclitaxel	generic	corrected	high	yes	paclitaxel	pˈæklətˌæksəl	pˌæklɪtˈæksəl	pˌaklɪtˈaksɛl	partial		MedlinePlus (ASHP); Wiktionary; NCI Dictionary of Cancer Terms
900	econtra	brand	already-correct	low		EContra	ikˈɑntɹə	ikˈɑntɹə	ikˈɒntɹə	right		DailyMed label (Afaxys), Patient Information
901	corlanor	brand	corrected	medium	yes	Corlanor	kˈɔɹlənəɹ	kˈɔɹlænˌɔɹ	kˈɔːlanˌɔː	wrong		DailyMed label (Amgen), Medication Guide and Instructions for Use (revised August 2021); FDA proprietary name review, NDA 206143 (2015)
902	euthyrox	brand	corrected	low		Euthyrox	jˈuθəɹˌɑks	juθˈIɹɑks	juːθˈIɹɒks	partial	low confidence, and today's reading is only partly off	Wiktionary (euthyroid); Drugs@FDA, NDA 021292 (EMD Serono)
903	envarsus	brand	already-correct	high		Envarsus	ɛnvˈɑɹsəs	ɛnvˈɑɹsəs	ɛnvˈɑːsəs	right		DailyMed label (Veloxis), Medication Guide (revised 4/2024)
904	cabenuva	brand	corrected	medium	yes	Cabenuva	kˌɑbɛnˈuvə	kˈæbənjˌuvə	kˈabənjˌuːvə	wrong		DailyMed label (ViiV Healthcare), Patient Information (2025); FDA proprietary name review, NDAs 212887/212888 (applicant's submission of 28 Jul 2020)
905	tri-lo-marzia	brand	corrected	high	yes	Tri-Lo-Marzia	tɹˈIlˌOmˌɑɹziə	tɹˌIlˌOmɑɹzˈiə	tɹˌIlˌQmɑːzˈiːə	partial		DailyMed label (Lupin), Patient Information and Instructions for Use (revised November 2024)
906	xylocaine-mpf	brand	corrected	medium	yes	Xylocaine-MPF	zˈIlOkˌAnmpf	zˈIləkˌAn ˌɛmpˌiˈɛf	zˈIləkˌAn ˌɛmpˌiːˈɛf	wrong		American Heritage Dictionary (ahdictionary.com); DailyMed label (HF Acquisition / Healthfirst), Xylocaine-MPF with Epinephrine
907	microgestin	brand	corrected	low		Microgestin	mˈIkɹOʤˌɛstən	mˌIkɹOʤˈɛstɪn	mˌIkɹQʤˈɛstɪn	partial	low confidence, and today's reading is only partly off	Wiktionary (progesterone); DailyMed label (Mayne Pharma), Microgestin 1.5/30
908	ferosul	brand	already-correct	low		Ferosul	fˈɛɹəsəl	fˈɛɹəsəl	fˈɛɹəsəl	right		spelling
909	nephplex	brand	already-correct	low		Nephplex	nˈɛfplˌɛks	nˈɛfplˌɛks	nˈɛfplˌɛks	right		DailyMed label, Nephplex Rx; spelling
910	nortrel	brand	already-correct	low		Nortrel	nˈɔɹtɹəl	nˈɔɹtɹəl	nˈɔːtɹəl	right		DailyMed label (Teva), Nortrel 21 Day / 28 Day; spelling
911	hectorol	brand	already-correct	low		Hectorol	hˈɛktəɹəl	hˈɛktəɹəl	hˈɛktəɹəl	right		MedlinePlus (ASHP), generic doxercalciferol (no brand respelling); spelling
912	airsupra	brand	corrected	high	yes	Airsupra	ˈɛɹsˌʌpɹə	ɛɹsˈupɹə	ɛːsˈuːpɹə	partial		DailyMed label (AstraZeneca), Patient Information
913	proctozone-hc	brand	corrected	low	yes	Proctozone-HC	pɹˌɑktəzˈOnihk	pɹˈɑktəzˌOn ˌAʧsˈi	pɹˈɒktəzˌQn ˌAʧsˈiː	wrong		DailyMed label (Rising Pharmaceuticals; made by Lyne Laboratories); spelling
914	genteal	brand	unresolved			GenTeal	ʤɛntˈil					DailyMed labels (Alcon), GenTeal Tears
915	dok	brand	already-correct	low		Dok	dˈɑk	dˈɑk	dˈɒk	right		DailyMed label, DOK (docusate sodium) capsules; spelling
916	cosentyx	brand	corrected	high	yes	Cosentyx	kˈOsəntˌɪks	kOsˈɛntɪks	kQsˈɛntɪks	partial		FDA proprietary name review, BLA 125504 (Novartis submissions of March and May 2013), intended pronunciation; DailyMed label (Novartis), Medication Guide
917	besilate	salt	corrected	medium	yes	besilate	bˈɛzəlˌAt	bˈɛsəlˌAt	bˈɛsəlˌAt	partial		Wiktionary; Wiktionary
918	norditropin	brand	corrected	medium	yes	Norditropin	nˌɔɹdˈɪtɹəpɪn	nˌɔɹditɹˈOpɪn	nˌɔːdiːtɹˈQpɪn	wrong		DailyMed label (Novo Nordisk), Patient Information; MedlinePlus (ASHP), generic somatropin
919	dayvigo	brand	corrected	high	yes	Dayvigo	dˈAvɪɡˌO	dAvˈɪɡO	dAvˈɪɡQ	partial		DailyMed label (Eisai), Patient Information; FDA proprietary name review, NDA 212028 (20 Mar 2019), intended pronunciation
920	hizentra	brand	already-correct	medium		Hizentra	hɪzˈɛntɹə	hɪzˈɛntɹə	hɪzˈɛntɹə	right		DailyMed label (CSL Behring), Patient Information and Instructions for Use
921	eluryng	brand	corrected	high	yes	EluRyng	ɪlˈʊɹɪŋ	ˈɛljuɹˌɪŋ	ˈɛljuːɹˌɪŋ	wrong		DailyMed label (Amneal), Patient Information and Instructions for Use
922	certolizumab	generic	corrected	high	yes	certolizumab	sˈɜɹtəlˌIzumˌæb	sˌɜɹtOlˈɪzumˌæb	sˌɜːtQlˈɪzuːmˌab	wrong		MedlinePlus (ASHP)
923	cimzia	brand	already-correct	high		Cimzia	sˈɪmziə	sˈɪmziə	sˈɪmziə	right		DailyMed label (UCB), Medication Guide
924	bicillin	brand	already-correct	low		Bicillin	bIsˈɪlɪn	bIsˈɪlɪn	bIsˈɪlɪn	right		DailyMed label (Pfizer), Bicillin L-A; spelling
925	forteo	brand	corrected	high	yes	Forteo	fˈɔɹtiO	fɔɹtˈAO	fɔːtˈAQ	partial		DailyMed label (Eli Lilly), Medication Guide
926	enanthate	salt	already-correct	high		enanthate	ɪnˈænθˌAt	ɪnˈænθˌAt	ɪnˈanθˌAt	right		Wiktionary
927	benzathine	salt	already-correct	high		benzathine	bˈɛnzəθˌin	bˈɛnzəθˌin	bˈɛnzəθˌiːn	right		MedlinePlus (ASHP); Wiktionary
928	faricimab	generic	corrected	high	yes	faricimab	fəɹˈɪsəmˌæb	fɑɹˈɪkɪmˌæb	fɑːɹˈɪkɪmˌab	wrong		MedlinePlus (ASHP)
929	vabysmo	brand	corrected	medium	yes	Vabysmo	vəbˈɪsmO	vəbˈIzmO	vəbˈIzmQ	wrong		Wikipedia (Faricimab), lead sentence; DailyMed label (Genentech)
930	heather	brand	ordinary-word			Heather	hˈɛðəɹ					Wiktionary
931	tremfya	brand	corrected	high	yes	Tremfya	tɹˈɛmfjə	tɹɛmfˈIə		partial		DailyMed label (Janssen), Medication Guide
932	daily	brand	ordinary-word				dˈAli					
933	tezepelumab	generic	already-correct	high		tezepelumab	tˌɛzəpˈɛljumˌæb	tˌɛzəpˈɛljumˌæb	tˌɛzəpˈɛljumˌab	right		MedlinePlus (ASHP)
934	tezspire	brand	corrected	medium	yes	Tezspire	tˈɛspˌIɹ	tˈɛzspˌIəɹ	tˈɛzspˌIə	wrong		DailyMed label (Amgen), Patient Information
935	meglumine	salt	corrected	low		meglumine	mˈɛɡlumˌIn	mˈɛɡlumˌin	mˈɛɡluːmˌiːn	partial	low confidence, and today's reading is only partly off	Drug-name family (spelling only)
936	pataday	brand	already-correct	low		Pataday	pˈætədˌA	pˈætədˌA	pˈatədˌA	right		DailyMed label (Alcon), Pataday Once Daily Relief; spelling
937	quviviq	brand	corrected	high	yes	Quviviq	kwvˈɪvɪk	kjuvˈɪvɪk	kjuːvˈɪvɪk	wrong		DailyMed label (Idorsia), Medication Guide
938	proteinase	generic	already-correct	high		proteinase	pɹˈOtˌinˌAz	pɹˈOtˌinˌAz	pɹˈQtiːnAz	right		Dictionary.com (Random House Unabridged)
939	isibloom	brand	unresolved			Isibloom	ˈɪzəblˌum					DailyMed label (Xiromed)
940	kisqali	brand	corrected	high	yes	Kisqali	kɪskˈɑli	kɪskˈɑli	kɪskˈɑːli	right		DailyMed label (Novartis), Patient Information; NCI Dictionary of Cancer Terms (cancer.gov glossary API)
941	fanapt	brand	unresolved			Fanapt	fˈænəpt					DailyMed label (Vanda); Vanda's Fanapt site; Wikipedia (Iloperidone)
942	dyanavel	brand	corrected	medium	yes	Dyanavel	dIˈænəvəl	dIˈænəvˌɛl	dIˈanəvˌɛl	partial		DailyMed label (NextWave/Tris Pharma), Medication Guide; FDA proprietary name review, NDA 208147 (Dec 2014 submission), intended pronunciation
943	plenvu	brand	already-correct	medium		Plenvu	plˈɛnvu	plˈɛnvu	plˈɛnvu	right		DailyMed label (Salix), Medication Guide; FDA proprietary name review, NDA 209381 (20 Jul 2017)
944	depo-provera	brand	corrected	high	yes	Depo-Provera	dˈipOpɹˌOvˌɛɹə	dˌɛpOpɹOvˈɛɹə	dˌɛpQpɹQvˈɛːɹə	partial		DailyMed label (Pfizer / Pharmacia & Upjohn), Patient Information heading
945	errin	brand	already-correct	low		Errin	ˈɛɹɪn	ˈɛɹɪn	ˈɛɹɪn	right		DailyMed label (Dr. Reddy's); spelling
946	xdemvy	brand	corrected	high	yes	Xdemvy	ˈɛksdˌɛmvi	ɛksdˈɛmvi	ɛksdˈɛmvi	partial		FDA proprietary name review, NDA 217603 (Tarsus submission of 25 Aug 2022), intended pronunciation
947	edarbyclor	brand	corrected	high	yes	Edarbyclor	ˈɛdəɹbikləɹ	ədˈɑɹbɪklˌɔɹ	ədˈɑːbɪklˌɔː	wrong		DailyMed label (Azurity), Patient Information
948	vanacof	brand	corrected	low		Vanacof	vˈænəkˌɔf	vˈænəkˌɔf	vˈanəkˌɒf	right	low confidence, and today's reading is only partly off	DailyMed label, Vanacof liquid; spelling
949	ethylsuccinate	salt	corrected	medium	yes	ethylsuccinate	ˌiθɪlsˈuʧənˌAt	ˌɛθəlsˈʌksənˌAt	ˌɛθɪlsˈʌksɪnˌAt	wrong		Dictionary.com (Random House Unabridged); Dictionary.com (Random House Unabridged); Wiktionary
950	oxtellar	brand	corrected	high	yes	Oxtellar	ˌɑkstˈɛləɹ	ɑkstˈɛlˌɑɹ	ɒkstˈɛlˌɑː	partial		DailyMed label (Supernus), Medication Guide
951	remicade	brand	corrected	medium	yes	Remicade	ɹˌɛməkˈAd	ɹˈɛməkˌAd		partial		DailyMed label (Janssen), Medication Guide
952	mapap	brand	unresolved			Mapap	mˈApˌæp					DailyMed label (Major Pharmaceuticals), Mapap Extra Strength
953	privigen	brand	corrected	low		Privigen	pɹˈɪvɪɡən	pɹˈɪvɪʤən		partial	low confidence, and today's reading is only partly off	DailyMed label (CSL Behring); spelling
954	tri-estarylla	brand	corrected	low	yes	Tri-Estarylla	tɹˈIstˌɛɹˌɪlə	tɹˌIɛstəɹˈɪlə	tɹˌIɛstəɹˈɪlə	wrong		DailyMed label (Xiromed), including the patient package insert; spelling
955	smoflipid	brand	corrected	high	yes	SMOFlipid	smˈɑfləpɪd	smˌɑflˈɪpɪd	smˌɒflˈɪpɪd	partial		FDA proprietary name review, NDA 207648 (Fresenius Kabi submission of 25 Sep 2014), intended pronunciation; DailyMed label (Fresenius Kabi)
956	promacta	brand	already-correct	high		Promacta	pɹOmˈæktə	pɹOmˈæktə	pɹQmˈaktə	right		DailyMed label (Novartis), Medication Guide; NCI Dictionary of Cancer Terms (cancer.gov glossary API)
957	golimumab	generic	corrected	high	yes	golimumab	ɡˌɑləmjˈuməb	ɡOlˈɪmjəmˌæb	ɡQlˈɪmjəmˌab	wrong		MedlinePlus (ASHP); Wiktionary
958	simponi	brand	corrected	high	yes	Simponi	simpˈOni	sˈɪmpəni	sˈɪmpəni	wrong		DailyMed label (Janssen), Medication Guide
959	fetzima	brand	corrected	high	yes	Fetzima	fˈɛtzɪmə	fɛtzˈimə	fɛtzˈiːmə	partial		DailyMed label (Allergan), Medication Guide
960	zoryve	brand	corrected	high	yes	Zoryve	zˈɔɹiv	zɔɹˈiv	zɔːɹˈiːv	partial		DailyMed label (Arcutis), Patient Information
961	trileptal	brand	corrected	high	yes	Trileptal	tɹIlˈɛptəl	tɹIlˈɛptˌæl	tɹIlˈɛptˌal	partial		DailyMed label (Novartis), Medication Guide
962	mintox	brand	already-correct	low		Mintox	mˈɪntˌɑks	mˈɪntˌɑks	mˈɪntˌɒks	right		DailyMed label, Mintox antacid suspension; spelling
963	protonix	brand	already-correct	high		Protonix	pɹOtˈɑnɪks	pɹOtˈɑnɪks	pɹQtˈɒnɪks	right		DailyMed label (Wyeth/Pfizer), Medication Guide
964	mavyret	brand	corrected	high	yes	Mavyret	mˈævIɹɪt	mˈævɪɹˌɛt	mˈavɪɹˌɛt	wrong		DailyMed label (AbbVie), Patient Information; FDA proprietary name review, NDA 209394 (AbbVie submission of 17 Mar 2017), intended pronunciation
965	adempas	brand	corrected	medium	yes	Adempas	ədˈɛmpəz	ədˈɛmpˌɑs	ədˈɛmpˌɑːs	wrong		DailyMed label (Bayer), Medication Guide
966	xultophy	brand	corrected	high	yes	Xultophy	zˈʌltəfi	zˈʌltəfˌI		partial		DailyMed label (Novo Nordisk), Medication Guide and Instructions for Use; FDA proprietary name review, NDA 208583 (Novo Nordisk submission of 14 Sep 2015), intended pronunciation
967	trastuzumab	generic	corrected	high	yes	trastuzumab	tɹˌæstˈuzumæb	tɹæstˈuzumˌæb	tɹastjˈuːzuːmˌab	right		MedlinePlus (ASHP); NCI Dictionary of Cancer Terms; Davis's Drug Guide (drugguide.com)
968	endocet	brand	corrected	high	yes	Endocet	ˌɛndOsˈɛt	ˈɛndOsˌɛt	ˈɛndQsˌɛt	partial		DailyMed label (Par/Endo), Medication Guide
969	sulfonate	salt	already-correct	high		sulfonate	sˈʌlfənˌAt	sˈʌlfənˌAt	sˈʌlfənˌAt	right		Dictionary.com (Random House Unabridged)
970	diclegis	brand	corrected	medium	yes	Diclegis	dˈIkləʤəs	dIklˈiʤɪs	dIklˈiːʤɪs	wrong		DailyMed label (Duchesnay), Patient Information; FDA proprietary name review, NDA 021876 (Duchesnay submission of 3 Aug 2012)
971	havrix	brand	already-correct	low		Havrix	hˈævɹɪks	hˈævɹɪks	hˈavɹɪks	right		DailyMed label (GSK); spelling
972	kurvelo	brand	already-correct	low		Kurvelo	kəɹvˈɛlO	kəɹvˈɛlO	kəvˈɛlQ	right		DailyMed label (Lupin), Patient Information; spelling
973	verquvo	brand	corrected	high	yes	Verquvo	vəɹkwvO	vəɹkjˈuvO	vəkjˈuːvQ	wrong		DailyMed label (Merck Sharp & Dohme), Patient Information
974	renvela	brand	already-correct	low		Renvela	ɹɛnvˈɛlə	ɹɛnvˈɛlə	ɹɛnvˈɛlə	right		DailyMed label (Genzyme/Sanofi); spelling
975	kapspargo	brand	already-correct	low		Kapspargo	kˌæpspˈɑɹɡO	kˌæpspˈɑɹɡO	kˌapspˈɑːɡQ	right		DailyMed label (Sun Pharmaceutical), Kapspargo Sprinkle; FDA proprietary name review, NDA 210428 (10 Oct 2017)
976	claravis	brand	corrected	medium	yes	Claravis	klˈɛɹəvɪs	klˈɑɹəvɪs	klˈɑːɹəvɪs	partial		DailyMed label (Teva), Medication Guide heading
977	mono-linyah	brand	corrected	high	yes	Mono-Linyah	mˌɑnOlˈɪnjə	mˌɑnOlɪnjˈɑ	mˌɒnQlɪnjˈɑː	partial		DailyMed label (Northstar Rx), Patient Information
978	enema	brand	ordinary-word			enema	ˈɛnəmə					
979	elmiron	brand	already-correct	high		Elmiron	ˈɛlməɹˌɑn	ˈɛlməɹˌɑn	ˈɛlməɹˌɒn	right		DailyMed label (Janssen), Medication Guide
980	sprycel	brand	corrected	high	yes	Sprycel	spɹˈɪsəl	spɹˈIsˌɛl		wrong		DailyMed label (E.R. Squibb & Sons), Patient Information; NCI Dictionary of Cancer Terms (cancer.gov glossary API)
981	genotropin	brand	corrected	high	yes	Genotropin	ʤənˈɑtɹəpɪn	ʤˈinətɹˌOpɪn	ʤˈiːnətɹˌQpɪn	wrong		DailyMed label (Pfizer), Instructions for Use
982	xopenex	brand	corrected	medium	yes	Xopenex	zˈOpənəks	zˈOpɛnˌɛks	zˈQpɛnˌɛks	wrong		DailyMed label (Akorn), Xopenex Inhalation Solution, Patient Information; DailyMed label (Lupin), Xopenex HFA, Patient Information
983	crestor	brand	corrected	medium	yes	Crestor	kɹˈɛstəɹ	kɹˈɛstˌɔɹ	kɹˈɛstˌɔː	partial		DailyMed label (AstraZeneca), Patient Information
984	cabometyx	brand	corrected	high	yes	Cabometyx	kˌæbəmˈɛtɪks	kˌæbOmˈɛtɪks	kˌabQmˈɛtɪks	partial		NCI Dictionary of Cancer Terms (cancer.gov glossary API); DailyMed label (Exelixis), Patient Information; FDA proprietary name review, NDA 208692, applicant's intended pronunciation
985	clariscan	brand	corrected	high	yes	Clariscan	klˈɛɹɪskˌæn	kləɹˈɪskˌæn	kləɹˈɪskˌan	partial		DailyMed label (GE Healthcare), Patient Information
986	xyosted	brand	corrected	high	yes	Xyosted	zˈIɑstɪd	zˈIOstɛd	zˈIQstɛd	wrong		DailyMed label (Antares Pharma), Patient Information
987	voquezna	brand	already-correct	medium		Voquezna	vOkwˈɛznə	vOkwˈɛznə	vQkwˈɛznə	right		DailyMed label (Phathom Pharmaceuticals), Medication Guide
988	viibryd	brand	already-correct	high		Viibryd	vˈIbɹɪd	vˈIbɹɪd	vˈIbɹɪd	right		FDA proprietary name review, NDA 022567, applicant's intended pronunciation; DailyMed label (Allergan), Medication Guide
989	entyvio	brand	already-correct	high		Entyvio	ɛntˈɪviO	ɛntˈɪviO	ɛntˈɪviQ	right		DailyMed label (Takeda), Medication Guide
990	vedolizumab	generic	corrected	high	yes	vedolizumab	vˌɛdOlizˈuməb	vˌɛdOlˈɪzjumˌæb	vˌɛdQlˈɪzjuːmˌab	wrong		MedlinePlus (ASHP); Davis's Drug Guide (drugguide.com)
991	pifeltro	brand	already-correct	high		Pifeltro	pɪfˈɛltɹO	pɪfˈɛltɹO	pɪfˈɛltɹQ	right		DailyMed label (Merck Sharp & Dohme), Patient Information
992	promethegan	brand	already-correct	low		Promethegan	pɹəmˈɛθəɡən	pɹəmˈɛθəɡən	pɹəmˈɛθəɡən	right		DailyMed labels (Cosette Pharmaceuticals and others); spelling
993	se-natal	brand	unresolved			Se-Natal	sˈinˌAtəl	sˌinˈAtᵊl	sˌiːnˈAtᵊl	partial		DailyMed labels (Seton Pharmaceuticals), Se-Natal 19 and Se-Natal 19 Chewable
994	solu-cortef	brand	unresolved			Solu-Cortef	sˈOlukˌɔɹtˌɛf	sˌɑljukˈɔɹtɛf	sˌɒljʊkˈɔːtɛf	wrong		DailyMed label (Pharmacia & Upjohn/Pfizer)
995	uptravi	brand	corrected	medium	yes	Uptravi	ˈʌptɹˌɑvi	ʌptɹˈævi	ʌptɹˈavi	partial		DailyMed label (Actelion), Patient Information; FDA proprietary name review, NDA 207947 (19 Feb 2015), applicant's intended pronunciation
996	bystolic	brand	already-correct	high		Bystolic	bɪstˈɑlɪk	bɪstˈɑlɪk	bɪstˈɒlɪk	right		DailyMed label (Allergan), Patient Information
997	infuvite	brand	already-correct	low		Infuvite	ˈɪnfjuvˌIt	ˈɪnfjuvˌIt	ˈɪnfjuvˌIt	right		DailyMed labels (Sandoz), Infuvite Adult and Pediatric; spelling
998	lutera	brand	already-correct	low		Lutera	lutˈɛɹə	lutˈɛɹə	lutˈɛɹə	right		DailyMed labels (Mayne Pharma; Dr. Reddy's), Patient Information; spelling
999	butalb-acetaminoph-caff-codein	brand	not-a-drug				bjutˈælbəstˌAmənˌɔfɪk					
1000	sronyx	brand	unresolved			Sronyx	ʃɹˈɑnɪks	sɹˈɑnɪks	sɹˈɒnɪks	partial		DailyMed labels (Mayne Pharma; RPK), Patient Information
1001	xylocaine	brand	already-correct	high		Xylocaine	zˈIləkˌAn	zˈIləkˌAn	zˈIləkˌAn	right		American Heritage Dictionary (ahdictionary.com); spelling
1002	low-ogestrel	brand	corrected	medium	yes	Low-Ogestrel	lˌOˈɑʤɪstɹəl	lˌOOʤˈɛstɹɛl	lˌQQʤˈɛstɹɛl	wrong		DailyMed label (Mayne Pharma), FDA-approved patient labeling heading; MedlinePlus (ASHP), Ethinyl Estradiol and Norgestrel monograph (the name's own generic)
1003	ibsrela	brand	corrected	high	yes	Ibsrela	ˌɪbzɹˈɛlə	ˌɪbsɹˈɛlə		partial		DailyMed label (Ardelyx), Medication Guide
1004	uzedy	brand	corrected	high	yes	Uzedy	ˈuzədi	juzˈɛdi	juːzˈɛdi	wrong		FDA proprietary name review, NDA 213586 (5 Jan 2023), applicant's intended pronunciation
1005	bridion	brand	corrected	high	yes	Bridion	bɹˈɪdiən	bɹˈIdiˌɑn	bɹˈIdiˌɒn	wrong		FDA proprietary name review, NDA 022225 (submission of 23 Oct 2014), applicant's intended pronunciation
1006	lynparza	brand	already-correct	high		Lynparza	lˌɪnpˈɑɹzə	lˌɪnpˈɑɹzə	lˌɪnpˈɑːzə	right		NCI Dictionary of Cancer Terms (cancer.gov glossary API); DailyMed label (AstraZeneca), Patient Information
1007	kristalose	brand	already-correct	low		Kristalose	kɹˈɪstəlˌOs	kɹˈɪstəlˌOs	kɹˈɪstəlˌQs	right		DailyMed label (Cumberland Pharmaceuticals); spelling
1008	suprep	brand	already-correct	medium		Suprep	sˈupɹˌɛp	sˈupɹˌɛp	sˈuːpɹˌɛp	right		DailyMed label (Braintree Laboratories), Medication Guide
1009	tri-lo-estarylla	brand	already-correct	low		Tri-Lo-Estarylla	tɹIlˌOɪstəɹˈɪlə	tɹIlˌOɪstəɹˈɪlə	tɹIlˌQɪstəɹˈɪlə	right		DailyMed label (Xiromed), Patient Information; spelling
1010	copaxone	brand	corrected	high	yes	Copaxone	kˈOpˌæksən	kOpˈæksˌOn	kQpˈaksˌQn	partial		DailyMed label (Teva Neuroscience), Medication Guide
1011	bitartrate	salt	corrected	high	yes	bitartrate	bItˈɑɹtɹˌAt	bItˈɑɹtɹˌAt	bItˈɑːtɹˌAt	right		MedlinePlus (ASHP); Dictionary.com (Random House Unabridged)
1012	matzim	brand	unresolved			Matzim	mɑtsˈim	mˈætzɪm	mˈatzɪm	wrong		DailyMed label (Actavis), Matzim LA
1013	prevalite	brand	already-correct	low		Prevalite	pɹˈɛvəlˌIt	pɹˈɛvəlˌIt	pɹˈɛvəlˌIt	right		DailyMed label (Upsher-Smith); spelling
1014	incassia	brand	already-correct	low		Incassia	ˌɪnkˈæʃiə	ˌɪnkˈæʃiə	ˌɪnkˈaʃiə	right		DailyMed label (Aurobindo); spelling
1015	latuda	brand	already-correct	high		Latuda	lɑtˈudə	lɑtˈudə	lɒtˈuːdə	right		DailyMed label (Sumitomo Pharma America), Medication Guide
1016	twirla	brand	already-correct	high		Twirla	twˈɜɹlə	twˈɜɹlə	twˈɜːlə	right		DailyMed label (Agile Therapeutics), Patient Information
1017	rituximab	generic	corrected	high	yes	rituximab	ɹɪtˈʌksɪməb	ɹɪtˈʌksɪmˌæb	ɹɪtˈʌksɪmˌab	partial		MedlinePlus (ASHP); Wiktionary; NCI Dictionary of Cancer Terms
1018	zenatane	brand	corrected	high	yes	Zenatane	zˌɛnətˈɑnA	zˈɛnətˌAn		wrong		DailyMed label (Dr. Reddy's), Medication Guide; DailyMed label (Bluepoint Laboratories), Medication Guide
1019	pulmozyme	brand	already-correct	high		Pulmozyme	pˈʊlmOzˌIm	pˈʊlmOzˌIm	pˈʊlmQzˌIm	right		DailyMed label (Genentech), Instructions for Use
1020	rasuvo	brand	already-correct	low		Rasuvo	ɹɑsˈuvO	ɹɑsˈuvO	ɹɒsˈuːvQ	right		DailyMed label (Medexus Pharma); FDA proprietary name review, NDA 205776
1021	xgeva	brand	corrected	high	yes	Xgeva	ɛksɡˈAvə	ɛksʤˈivə	ɛksʤˈiːvə	wrong		NCI Dictionary of Cancer Terms (cancer.gov glossary API); Drugs.com (search-result text; the page refuses automated fetches)
1022	climara	brand	corrected	medium	yes	Climara	klɪmˈɑɹə	klImˈɛɹə	klImˈɛːɹə	wrong		DailyMed label (Bayer), Patient Information; DailyMed label (Bayer), Climara Pro Patient Information
1023	mitigare	brand	corrected	medium	yes	Mitigare	mˈɪtiɡˌɑɹi	mˌItəɡˈɑɹA	mˌItəɡˈɑːɹA	wrong		DailyMed label (Hikma), Medication Guide; FDA proprietary name review, NDA 204820 (April 2014 submission), applicant's intended pronunciation
1024	cal-gest	brand	already-correct	low		Cal-Gest	kˈælʤˌɛst	kˈælʤˌɛst	kˈalʤˌɛst	right		spelling
1025	celestone	brand	unresolved			Celestone	ʧɛlɛstˈOni	səlˈɛstˌOn	səlˈɛstˌQn	wrong		DailyMed label (Organon), Celestone Soluspan; Wiktionary
1026	injectafer	brand	already-correct	medium		Injectafer	ˌɪnʤˈɛktəfəɹ	ˌɪnʤˈɛktəfəɹ	ˌɪnʤˈɛktəfə	right		DailyMed label (American Regent), Patient Information; FDA proprietary name review, NDA 203565 (2013), applicant's product information
1027	tenivac	brand	already-correct	low		Tenivac	tˈɛnɪvæk	tˈɛnɪvæk	tˈɛnɪvak	right		DailyMed label (Sanofi Vaccines US); spelling
1028	octagam	brand	corrected	low	yes	Octagam	ɑktˈæɡəm	ˈɑktəɡˌæm	ˈɒktəɡˌam	wrong		spelling; MedlinePlus (ASHP), Immune Globulin Intravenous
1029	xr-odt	brand	not-a-drug			XR-ODT	ˌɛksˈɑɹˌOdˌitˈi					
1030	viberzi	brand	corrected	high	yes	Viberzi	vibˈɛɹzi	vIbˈɜɹzi	vIbˈɜːzi	wrong		DailyMed label (Allergan), Medication Guide; FDA proprietary name review, NDA 206940 (2015), applicant's product information
1031	kevzara	brand	corrected	high	yes	Kevzara	kˌɛvzˈɑɹə	kˈɛvzəɹə		partial		DailyMed label (Sanofi/Regeneron), Medication Guide and Instructions for Use; FDA proprietary name review, BLA 761037 (2017), applicant's product information (March 16, 2016 submission)
1032	elinest	brand	corrected	high	yes	Elinest	ˈɛlInəst	ilɪnˈɛst	iːlɪnˈɛst	wrong		DailyMed label (Northstar Rx), Patient Information
1033	diacetate	salt	already-correct	high		diacetate	dIˈæsətˌAt	dIˈæsətˌAt	dIˈasətˌAt	right		MedlinePlus (ASHP)
1034	paragard	brand	corrected	medium	yes	Paragard	pˈɛɹəɡˌɑɹd	pˈɛɹəɡˌɑɹd	pˈaɹəɡˌɑːd	right		DailyMed label (CooperSurgical), Patient Information
1035	lenvima	brand	already-correct	high		Lenvima	lɛnvˈimə	lɛnvˈimə	lɛnvˈiːmə	right		NCI Dictionary of Cancer Terms (cancer.gov glossary API); DailyMed label (Eisai), Patient Information; FDA proprietary name review, NDA 206947 (2015), applicant's product information
1036	hyaluronidase	generic	corrected	high	yes	hyaluronidase	hIˈæljəɹˌɑnədˌAs	hˌIæljʊɹˈɑnɪdˌAs	hˌIaljʊɹˈɒnɪdˌAs	wrong		MedlinePlus (ASHP); NCI Dictionary of Cancer Terms; Dictionary.com (Random House Unabridged)
1037	syeda	brand	ordinary-word			Syeda	sIˈidə					DailyMed label (Sandoz product, repackager Bryant Ranch)
1038	xphozah	brand	already-correct	high		Xphozah	ɛksfˈOzə	ɛksfˈOzə	ɛksfˈQzə	right		FDA proprietary name review, NDA 213931 (June 2023), applicant's product information
1039	octreotide	generic	already-correct	high		octreotide	ɑktɹˈiətˌId	ɑktɹˈiətˌId	ɒktɹˈiːətˌId	right		MedlinePlus (ASHP); NCI Dictionary of Cancer Terms
1040	suflave	brand	corrected	high	yes	Suflave	səflˈAv	suflˈAv	suːflˈAv	partial		DailyMed label (Azurity), Medication Guide
1041	celebrex	brand	already-correct	low		Celebrex	sˈɛləbɹˌɛks	sˈɛləbɹˌɛks	sˈɛləbɹˌɛks	right		DailyMed label (Celebrex, repackager copy); spelling
1042	diovan	brand	corrected	high	yes	Diovan	dˈiOvən	dˈIOvˌæn	dˈIQvˌan	wrong		DailyMed label (Novartis), Patient Information; DailyMed label (Novartis), Diovan HCT Patient Information
1043	zarxio	brand	corrected	high	yes	Zarxio	zˈɑɹksiO	zˈɑɹziO	zˈɑːziQ	wrong		DailyMed label (Sandoz), Patient Information; FDA proprietary name review, BLA 125553 (2015), applicant's product information; NCI Dictionary of Cancer Terms (cancer.gov glossary API)
1044	xhance	brand	corrected	medium	yes	Xhance	zˈæns	ɛkshˈæns	ɛkshˈans	wrong		DailyMed label (Paratek, formerly Optinose), Patient Information; FDA proprietary name review, NDA 209022 (2017)
1045	dentagel	brand	corrected	low		Dentagel	dˈɛntəʤəl	dˈɛntəʤˌɛl		partial	low confidence, and today's reading is only partly off	spelling
1046	amitiza	brand	already-correct	low		Amitiza	ˌæmɪtˈizə	ˌæmɪtˈizə	ˌamɪtˈiːzə	right		DailyMed label (Takeda), Patient Information; spelling
1047	dificid	brand	already-correct	high		Dificid	dˈɪfəsəd	dˈɪfəsəd	dˈɪfəsəd	right		DailyMed label (Merck), Patient Information; FDA proprietary name review, NDA 201699 (2011)
1048	amjevita	brand	corrected	high	yes	Amjevita	ˌæmʤəvˈItə	ˌæmʤəvˈitə	ˌamʤəvˈiːtə	partial		DailyMed label (Amgen), Medication Guide
1049	vestura	brand	corrected	low		Vestura	vɛstˈʊɹə	vɛstˈʊɹə	vɛstjˈʊəɹə	right	low confidence, and today's reading is only partly off	DailyMed label (Teva), Patient Information; spelling
1050	konvomep	brand	corrected	medium	yes	Konvomep	kˈɑnvOmˌɛp	kˈænvOmˌɛp	kˈanvQmˌɛp	partial		DailyMed label (Azurity), Patient Information; FDA proprietary name review, NDA 213593 (2022), applicant's product information
1051	horizant	brand	corrected	medium	yes	Horizant	hˈɔɹəzənt	hOɹˈɪzənt	hQɹˈɪzənt	wrong		DailyMed label (Azurity, formerly Arbor), Medication Guide; Original label (GlaxoSmithKline, 2011), Medication Guide, NDA 022399; FDA proprietary name review, NDA 022399 (2011)
1052	camzyos	brand	corrected	medium	yes	Camzyos	kˈæmziOz	kæmzˈIOs	kamzˈIQs	wrong		DailyMed label (MyoKardia/Bristol Myers Squibb), Medication Guide; FDA proprietary name memorandum, NDA 214998 (2021)
1053	ilevro	brand	unresolved			Ilevro	ˌɪlˈɛvɹO					DailyMed label (Novartis/Alcon); FDA proprietary name review, NDA 203491 (2012)
1054	lo-zumandimine	brand	unresolved			Lo-Zumandimine	lˌOzumˈændəmˌin					DailyMed label (Aurobindo), full label including the patient guide
1055	toprol	brand	corrected	low		Toprol	təpɹˈOl	tˈOpɹˌOl	tˈQpɹˌQl	partial	low confidence, and today's reading is only partly off	MedlinePlus (ASHP), generic metoprolol; DailyMed label (Aralez), Toprol-XL
1056	lyllana	brand	already-correct	medium		Lyllana	lˌɪlˈænə	lˌɪlˈænə	lˌɪlˈanə	right		DailyMed label (Amneal), Patient Information and Instructions for Use
1057	pentasa	brand	unresolved			Pentasa	pɛntˈɑsə					DailyMed label (Pentasa, hospital repackager copy); Wiktionary
1058	azopt	brand	unresolved			Azopt	əzˈɑpt					DailyMed label (Sandoz)
1059	ranibizumab	generic	already-correct	high		ranibizumab	ɹˌænɪbˈɪzumæb	ɹˌænɪbˈɪzumæb	ɹˌanɪbˈɪzumab	right		MedlinePlus (ASHP)
1060	clinolipid	brand	corrected	low	yes	Clinolipid	klInˈɑləpəd	klˌɪnOlˈɪpɪd	klˌɪnQlˈɪpɪd	wrong		spelling; FDA proprietary name review, NDA 204508 (2013)
1061	imvexxy	brand	already-correct	high		Imvexxy	ɪmvˈɛksi	ɪmvˈɛksi	ɪmvˈɛksi	right		DailyMed label (Mayne Pharma), Patient Information
1062	vtama	brand	corrected	high	yes	Vtama	vˈitˌɑmə	vitˈæmə	viːtˈamə	partial		DailyMed label (Organon), Patient Information
1063	endacof-dm	brand	already-correct	low		Endacof-DM	ˈɛndəkˌɔfdˌiˈɛm	ˈɛndəkˌɔfdˌiˈɛm	ˈɛndəkˌɔːfdˌiːˈɛm	right		spelling
1064	avonex	brand	already-correct	medium		Avonex	ˈævənɛks	ˈævənɛks	ˈavənɛks	right		DailyMed label (Biogen), Medication Guide and Instructions for Use
1065	perseris	brand	unresolved			Perseris	pəɹsˈɛɹɪs					DailyMed label (Indivior), Medication Guide; FDA proprietary name memorandum, NDA 210655 (2018)
1066	tyvaso	brand	corrected	high	yes	Tyvaso	tˈIvəsO	tIvˈAsO	tIvˈAsQ	partial		DailyMed label (United Therapeutics), Tyvaso DPI Instructions for Use
1067	altavera	brand	corrected	high	yes	Altavera	ˌɑltɑvˈɛɹə	ˌɔltəvˈɛɹə	ˌɔːltəvˈɛːɹə	wrong		DailyMed label (Xiromed), Patient Information and Instructions for Use
1068	capmist	brand	already-correct	low		Capmist	kˈæpməst	kˈæpməst	kˈapməst	right		spelling
1069	ec-naproxen	brand	corrected	medium	yes	EC-Naproxen	ˈɛknəpɹˌɑksən	ˌisˌinəpɹˈɑksən	ˌiːsˌiːnəpɹˈɒksən	wrong		MedlinePlus (ASHP), naproxen
1070	infed	brand	corrected	low		INFeD	ɪnfˌɛd	ˈɪnfˌɛd		partial	low confidence, and today's reading is only partly off	DailyMed label (Allergan)
1071	apidra	brand	corrected	high	yes	Apidra	əpˈɪdɹə	əpˈidɹə	əpˈiːdɹə	partial		DailyMed label (Sanofi), Patient Information
1072	lessina	brand	already-correct	low		Lessina	lɛsˈinə	lɛsˈinə	lɛsˈiːnə	right		DailyMed label (Teva), Patient Information; spelling
1073	epclusa	brand	already-correct	high		Epclusa	ɪpklˈusə	ɪpklˈusə	ɪpklˈuːsə	right		DailyMed label (Gilead), Patient Information
1074	nivolumab	generic	corrected	high	yes	nivolumab	nˈIvOlˌumæb	nIvˈɑljumˌæb	nɪvˈɒljʊmˌab	wrong		MedlinePlus (ASHP); Davis's Drug Guide (drugguide.com); NCI Dictionary of Cancer Terms; Wiktionary
1075	haloette	brand	corrected	low		Haloette	hˈælOɛt	hˌAlOˈɛt	hˌAlQˈɛt	partial	low confidence, and today's reading is only partly off	spelling
1076	daratumumab	generic	corrected	medium	yes	daratumumab	dˈɛɹətˌuməb	dˌɑɹətˈumjumˌæb	dˌɑːɹətjˈuːmjuːmˌab	wrong		MedlinePlus (ASHP); Davis's Drug Guide (drugguide.com); NCI Dictionary of Cancer Terms; DARZALEX FASPRO Patient Information (Janssen), DailyMed
1077	darzalex	brand	already-correct	high		Darzalex	dˈɑɹzəlˌɛks	dˈɑɹzəlˌɛks	dˈɑːzəlˌɛks	right		DailyMed label (Janssen), Patient Information; NCI Dictionary of Cancer Terms (cancer.gov glossary API)
1078	rayaldee	brand	unresolved			Rayaldee	ɹˌAˈɑldi					DailyMed label (OPKO); FDA proprietary name reviews, NDA 208010 (2015, 2016); Maker's site rayaldee.com
1079	topamax	brand	corrected	medium	yes	Topamax	təpˈæmæks	tˈOpəmˌæks	tˈQpəmˌaks	wrong		DailyMed label (Janssen), Medication Guide
1080	sunosi	brand	already-correct	high		Sunosi	sənˈOsi	sənˈOsi	sənˈQsi	right		DailyMed label (Axsome), Medication Guide
1081	eysuvis	brand	corrected	high	yes	Eysuvis	ˌAsˈuvɪs	Isˈuvɪs	Isˈuːvɪs	partial		DailyMed label (Alcon, current labeler; originally Kala), Instructions for Use
1082	winlevi	brand	already-correct	medium		Winlevi	wɪnlˈɛvi	wɪnlˈɛvi	wɪnlˈɛvi	right		DailyMed label (Sun Pharmaceutical), Patient Information heading; FDA proprietary name review, NDA 213433 (2 Jan 2020), applicant Cassiopea's intended pronunciation
1083	maximum	brand	ordinary-word				mˈæksəməm					
1084	glatopa	brand	already-correct	high		Glatopa	ɡlɑtˈOpə	ɡlɑtˈOpə	ɡlɒtˈQpə	right		DailyMed label (Sandoz), Medication Guide and Instructions for Use
1085	wellbutrin	brand	already-correct	high		Wellbutrin	wˈɛlbjutɹɪn	wˈɛlbjutɹɪn	wˈɛlbjutɹɪn	right		DailyMed label (GlaxoSmithKline), Wellbutrin SR Medication Guide heading; DailyMed label (Bausch Health), Wellbutrin XL Medication Guide heading; American Heritage Dictionary; NCI Dictionary of Cancer Terms (cancer.gov glossary API)
1086	lialda	brand	unresolved			Lialda	liˈɑldə					DailyMed label (Takeda), prescribing information; NCI Dictionary of Cancer Terms (cancer.gov glossary API)
1087	travatan	brand	already-correct	low		Travatan	tɹˈævətən	tɹˈævətən	tɹˈavətən	right		spelling; DailyMed label (Novartis), Travatan Z
1088	tri-linyah	brand	corrected	high	yes	Tri-Linyah	tɹˈIlˌɪnjə	tɹˌIlɪnjˈɑ	tɹˌIlɪnjˈɑː	partial		DailyMed label (Northstar Rx), Patient Information and Instructions for Use headings; DailyMed label (Northstar Rx), Mono-Linyah Patient Information and Instructions for Use (sister brand)
1089	activase	brand	corrected	high	yes	Activase	ˈæktɪvˌAz	ˈæktɪvˌAs	ˈaktɪvˌAs	partial		NCI Dictionary of Cancer Terms (cancer.gov glossary API); NCI Dictionary of Cancer Terms (cancer.gov glossary API), the generic
1090	nextstellis	brand	corrected	medium	yes	Nextstellis	nˌɛkstˈɛlɪs	nˌɛkstəlˈɪs	nˌɛkstəlˈɪs	partial		DailyMed label (Mayne Pharma), Patient Information and Instructions for Use headings; FDA proprietary name review, NDA 214154, applicant's intended pronunciation
1091	definity	brand	already-correct	low		Definity	dɪfˈɪnəti	dɪfˈɪnəti	dɪfˈɪnəti	right		spelling; DailyMed label (Lantheus)
1092	ultra-filtered	brand	not-a-drug				ˌʌltɹəfˈɪltəɹd					
1093	opdivo	brand	corrected	high	yes	Opdivo	ˈɑpdɪvˌO	ɑpdˈivO	ɒpdˈiːvQ	partial		DailyMed label (E.R. Squibb & Sons); NCI Dictionary of Cancer Terms (cancer.gov glossary API)
1094	hemifumarate	salt	already-correct	medium		hemifumarate	hˌɛməfjˈuməɹˌAt	hˌɛməfjˈuməɹˌAt	hˌɛməfjˈuːməɹˌAt	right		Dictionary.com (Random House Unabridged); Dictionary.com (Random House Unabridged)
1095	penfill	device	already-correct	medium		PenFill	pˈɛnfˌɪl	pˈɛnfˌɪl	pˈɛnfˌɪl	right		FDA label for NovoLog (Novo Nordisk), 2023
1096	emicizumab	generic	corrected	high	yes	emicizumab	ˌɛməsˈɪzumˌæb	ˌɛmɪsˈɪzjumˌæb	ˌɛmɪsˈɪzjuːmˌab	wrong		MedlinePlus (ASHP); Davis's Drug Guide (drugguide.com)
1097	hemlibra	brand	corrected	medium	yes	Hemlibra	hˈɛmlɪbɹə	hɛmlˈibɹə	hɛmlˈiːbɹə	partial		DailyMed label (Genentech), Medication Guide and Instructions for Use headings; FDA proprietary name review, BLA 761083 (2017)
1098	pertuzumab	generic	corrected	high	yes	pertuzumab	pəɹtˈuzumˌæb	pəɹtˈuzjumˌæb	pətjˈuːzjuːmˌab	partial		MedlinePlus (ASHP); NCI Dictionary of Cancer Terms; Davis's Drug Guide (drugguide.com)
1099	nplate	brand	already-correct	high		Nplate	ˈɛnplˌAt	ˈɛnplˌAt	ˈɛnplˌAt	right		NCI Dictionary of Cancer Terms (cancer.gov glossary API); DailyMed label (Amgen), Medication Guide heading
1100	romiplostim	generic	corrected	high	yes	romiplostim	ɹˌɑmɪplˈɑstəm	ɹˌOmɪplˈOstɪm	ɹˌQmɪplˈQstɪm	wrong		MedlinePlus (ASHP); NCI Dictionary of Cancer Terms
1101	eligard	brand	already-correct	high		Eligard	ˈɛlɪɡəɹd	ˈɛlɪɡəɹd	ˈɛlɪɡəd	right		NCI Dictionary of Cancer Terms (cancer.gov glossary API); DailyMed label (Tolmar)
1102	gammaked	brand	corrected	high	yes	Gammaked	ɡˈæmˌAkt	ɡˈæməkˌɛd	ɡˈaməkˌɛd	wrong		DailyMed label (Kedrion Biopharma), Patient Information, 'What is GAMMAKED?'
1103	erbumine	salt	corrected	low		erbumine	əɹbjˈumən	əɹbjˈumˌin	əbjˈuːmˌiːn	partial	low confidence, and today's reading is only partly off	Drug-name family (spelling only)
1104	bound	generic	not-a-drug			bound	bˈWnd					
1105	perjeta	brand	corrected	high	yes	Perjeta	pˈɜɹʤˌɛtə	pəɹʤˈɛtə	pəʤˈɛtə	partial		NCI Dictionary of Cancer Terms (cancer.gov glossary API); DailyMed label (Genentech)
1106	prevacid	brand	already-correct	high		Prevacid	pɹˈɛvəsɪd	pɹˈɛvəsɪd	pɹˈɛvəsɪd	right		NCI Dictionary of Cancer Terms (cancer.gov glossary API); DailyMed label (Takeda), Medication Guide and Instructions for Use headings
1107	ocrelizumab	generic	corrected	high	yes	ocrelizumab	Okɹˌilˈɪzumæb	ˌɑkɹəlˈɪzjumˌæb	ˌɒkɹəlˈɪzjuːmˌab	wrong		MedlinePlus (ASHP); Davis's Drug Guide (drugguide.com); OCREVUS label (Genentech), DailyMed
1108	ocrevus	brand	corrected	high	yes	Ocrevus	Okɹˈivəs	ˈOkɹɛvəs	ˈQkɹɛvəs	partial		DailyMed label (Genentech), Ocrevus Zunovo Medication Guide heading (issued 9/2026); DailyMed label (Genentech), Medication Guide heading; FDA proprietary name review, BLA 761053 (2017)
1109	durvalumab	generic	corrected	high	yes	durvalumab	dˈɜɹvəlˌumˌæb	dəɹvˈæljumˌæb	dəvˈaljuːmˌab	wrong		MedlinePlus (ASHP); NCI Dictionary of Cancer Terms
1110	imfinzi	brand	already-correct	high		Imfinzi	ˌɪmfˈɪnzi	ˌɪmfˈɪnzi	ˌɪmfˈɪnzi	right		DailyMed label (AstraZeneca); NCI Dictionary of Cancer Terms (cancer.gov glossary API)
1111	deruxtecan	generic	corrected	high	yes	deruxtecan	dəɹˈʌkstəkən	dˌɛɹəkstˈikˌæn	dˌɛɹəkstˈiːkˌan	wrong		MedlinePlus (ASHP); NCI Dictionary of Cancer Terms; Davis's Drug Guide (drugguide.com)
1112	enhertu	brand	corrected	high	yes	Enhertu	ɪnhˈɜɹʧu	ɛnhˈɜɹtu	ɛnhˈɜːtuː	wrong		DailyMed label (Daiichi Sankyo); NCI Dictionary of Cancer Terms (cancer.gov glossary API)
1113	abraxane	brand	corrected	high	yes	Abraxane	ˌæbɹəksˈAn	əbɹˈæksˌAn	əbɹˈaksˌAn	wrong		DailyMed label (Abraxis BioScience/BMS); NCI Dictionary of Cancer Terms (cancer.gov glossary API)
1114	cimerli	brand	already-correct	high		Cimerli	sɪmˈɜɹlˌi	sɪmˈɜɹlˌi	sɪmˈɜːlˌiː	right		FDA proprietary name review, BLA 761165, applicant's intended pronunciation; DailyMed label (Coherus)
1115	sandostatin	brand	corrected	low	yes	Sandostatin	sˈændəstˌAtɪn	sˈændəstˌætᵊn	sˈandəstˌatᵊn	wrong		Wiktionary (somatostatin, the hormone the brand names); DailyMed label (Novartis), Sandostatin LAR Depot
1116	atezolizumab	generic	corrected	high	yes	atezolizumab	ətˌɛzəlˈIzumˌæb	ˌætəzOlˈɪzjumˌæb	ˌatəzQlˈɪzjuːmˌab	wrong		MedlinePlus (ASHP); NCI Dictionary of Cancer Terms; Davis's Drug Guide (drugguide.com)
1117	tecentriq	brand	corrected	high	yes	Tecentriq	tˈisəntɹˌɪk	təsˈɛntɹɪk		wrong		DailyMed label (Genentech); NCI Dictionary of Cancer Terms (cancer.gov glossary API)
1118	carfilzomib	generic	already-correct	high		carfilzomib	kɑɹfˈɪlzəmɪb	kɑɹfˈɪlzəmɪb	kɑːfˈɪlzəmɪb	right		MedlinePlus (ASHP); NCI Dictionary of Cancer Terms
1119	kyprolis	brand	already-correct	high		Kyprolis	kɪpɹˈOlɪs	kɪpɹˈOlɪs	kɪpɹˈQlɪs	right		NCI Dictionary of Cancer Terms (cancer.gov glossary API); DailyMed label (Onyx/Amgen)
1120	lanreotide	generic	corrected	high	yes	lanreotide	lˈænɹiətˌId	lænɹˈiOtˌId	lanɹˈiːQtˌId	partial		MedlinePlus (ASHP); NCI Dictionary of Cancer Terms
1121	rituxan	brand	already-correct	high		Rituxan	ɹɪtˈʌksən	ɹɪtˈʌksən	ɹɪtˈʌksən	right		DailyMed label (Genentech), Medication Guide heading; DailyMed label (Genentech), Rituxan Hycela Medication Guide heading; NCI Dictionary of Cancer Terms (cancer.gov glossary API)
1122	vedotin	generic	corrected	high	yes	vedotin	vAdˈOtɪn	vədˈOtɪn	vədˈQtɪn	partial		MedlinePlus (ASHP); NCI Dictionary of Cancer Terms
1123	undecanoate	salt	unresolved			undecanoate	ˌʌndɪkˈænOˌAt	ˌʌndɛkənˈOˌAt	ˌʌndɛkənˈQˌAt	wrong		Dictionary.com (Random House Unabridged); Dictionary.com (Random House Unabridged)
1124	zaditor	brand	already-correct	low		Zaditor	zˈædətəɹ	zˈædətəɹ	zˈadətə	right		spelling
1125	colace	brand	corrected	low	yes	Colace	kOlˈɑʧi	kˈOlˌAs	kˈQlˌAs	wrong		spelling; Wiktionary (Colace)
1126	pressair	device	already-correct	high		Pressair	pɹˈɛsˌɛɹ	pɹˈɛsˌɛɹ	pɹˈɛsˌɛː	right		DailyMed label (Covis), Tudorza Pressair Patient Information and Instructions for Use
1127	efgartigimod	generic	corrected	high	yes	efgartigimod	ɛfɡˈɑɹtəʤəməd	ˌɛfɡɑɹtˈɪɡɪmˌɑd	ˌɛfɡɑːtˈɪɡɪmˌɒd	wrong		MedlinePlus (ASHP); MedlinePlus (ASHP)
1128	vyvgart	brand	already-correct	high		Vyvgart	vˈɪvɡˌɑɹt	vˈɪvɡˌɑɹt	vˈɪvɡˌɑːt	right		DailyMed label (argenx), Vyvgart Hytrulo Patient Information and Instructions for Use
1129	digihaler	device	already-correct	high		Digihaler	dˈɪʤɪhˌAləɹ	dˈɪʤɪhˌAləɹ	dˈɪʤɪhˌAlə	right		DailyMed label (Teva), ProAir Digihaler Patient Information and Instructions for Use
1130	diskus	device	already-correct	high		Diskus	dˈɪskəs	dˈɪskəs	dˈɪskəs	right		DailyMed label (GlaxoSmithKline), Advair Diskus Patient Information and Instructions for Use; DailyMed label (Flovent Diskus, repackaged GSK text)
1131	govitecan	generic	corrected	high	yes	govitecan	ɡOvˈItkˌæn	ɡˌOvɪtˈikˌæn	ɡˌQvɪtˈiːkˌan	wrong		MedlinePlus (ASHP); NCI Dictionary of Cancer Terms
1132	sacituzumab	generic	corrected	high	yes	sacituzumab	sˈæsɪtˌuzumˌæb	sˌækɪtˈuzjumˌæb	sˌakɪtjˈuːzjuːmˌab	wrong		MedlinePlus (ASHP); NCI Dictionary of Cancer Terms
1133	trodelvy	brand	corrected	high	yes	Trodelvy	tɹˈɑdəlvi	tɹOdˈɛlvi	tɹQdˈɛlvi	wrong		DailyMed label (Gilead); NCI Dictionary of Cancer Terms (cancer.gov glossary API)
1134	prilosec	brand	corrected	high	yes	Prilosec	pɹəlˈOsɛk	pɹˈIlOsˌɛk	pɹˈIlQsˌɛk	partial		DailyMed label (Covis), Prilosec delayed-release oral suspension, Medication Guide heading; Dictionary.com (Random House); American Heritage Dictionary
1135	pegcetacoplan	generic	corrected	high	yes	pegcetacoplan	pˌɛɡsətˈækəplən	pɛɡsˌɛtəkˈOplˌæn	pɛɡsˌɛtəkˈQplˌan	wrong		MedlinePlus (ASHP)
1136	eculizumab	generic	corrected	high	yes	eculizumab	ɪkjˌulɪzˈuməb	ˌɛkjulˈɪzjumˌæb	ˌɛkjuːlˈɪzjuːmˌab	wrong		MedlinePlus (ASHP); NCI Dictionary of Cancer Terms; Davis's Drug Guide (drugguide.com)
1137	soliris	brand	corrected	medium	yes	Soliris	sOlˈɪɹɪs	sOlˈɪɹɪs	sQlˈɪəɹɪs	right		DailyMed label (Alexion), Medication Guide heading; NCI Dictionary of Cancer Terms (cancer.gov glossary API)
1138	krystexxa	brand	already-correct	high		Krystexxa	kɹɪstˈɛksə	kɹɪstˈɛksə	kɹɪstˈɛksə	right		DailyMed label (Horizon Therapeutics), Medication Guide heading
1139	pegloticase	generic	corrected	medium	yes	pegloticase	pɛɡlˈɑtɪkˌAs	pɛɡlˈOtɪkˌAs	pɛɡlˈQtɪkˌAs	partial		MedlinePlus (ASHP); Davis's Drug Guide (drugguide.com); Wiktionary; KRYSTEXXA label (Horizon), DailyMed
1140	tepezza	brand	unresolved			Tepezza	tApˈAtsə	təpˈɛzə	təpˈɛzə	wrong		DailyMed label (Horizon Therapeutics); tepezza.com and tepezzahcp.com; FDA proprietary name memo, BLA 761143 (Horizon)
1141	teprotumumab	generic	corrected	high	yes	teprotumumab	tˌɛpɹOtˈuməb	tˌɛpɹOtˈumjumˌæb	tˌɛpɹQtjˈuːmjuːmˌab	wrong		MedlinePlus (ASHP)
1142	syfovre	brand	corrected	high	yes	Syfovre	sˈɪfəvɹə	sIfˈOvɹi	sIfˈQvɹi	wrong		FDA proprietary name review, NDA 217171 (Apellis; reviews of 2022), applicant's intended pronunciation; DailyMed label (Apellis)
1143	luspatercept	generic	already-correct	high		luspatercept	ləspˈætəɹsˌɛpt	ləspˈætəɹsˌɛpt	ləspˈatəsˌɛpt	right		MedlinePlus (ASHP); NCI Dictionary of Cancer Terms (cancer.gov; read through its glossary API, which the JS-rendered page draws on)
1144	reblozyl	brand	corrected	high	yes	Reblozyl	ɹiblˈOzəl	ɹˈɛblOzɪl	ɹˈɛblQzɪl	wrong		DailyMed label (Celgene/BMS); NCI Dictionary of Cancer Terms (cancer.gov glossary API)
1145	inclisiran	generic	corrected	medium	yes	inclisiran	ɪnklˈɪzɪɹən	ˌɪnklɪsˈɪɹən	ˌɪnklɪsˈɪəɹən	partial		MedlinePlus (ASHP); MedlinePlus (ASHP), same -siran family
1146	leqvio	brand	already-correct	high		Leqvio	lˈɛkviO	lˈɛkviO	lˈɛkviQ	right		DailyMed label (Novartis), Instructions for Use heading
1147	ravulizumab	generic	corrected	high	yes	ravulizumab	ɹˌævjəlɪzˈuməb	ɹˌævjulˈɪzjumˌæb	ɹˌavjuːlˈɪzjuːmˌab	wrong		MedlinePlus (ASHP); NCI Dictionary of Cancer Terms (cancer.gov; read through its glossary API, which the JS-rendered page draws on)
1148	ultomiris	brand	corrected	high	yes	Ultomiris	ˌʌltəmˈIɹəs	ˌʌltOmˈɪɹɪs	ˌʌltQmˈɪəɹɪs	wrong		DailyMed label (Alexion), Medication Guide heading; NCI Dictionary of Cancer Terms (cancer.gov glossary API)
1149	enfortumab	generic	corrected	high	yes	enfortumab	ɛnfˈɔɹʧuməb	ɛnfˈɔɹtjumˌæb	ɛnfˈɔːtjuːmˌab	wrong		MedlinePlus (ASHP); NCI Dictionary of Cancer Terms (cancer.gov; read through its glossary API, which the JS-rendered page draws on)
1150	padcev	brand	already-correct	high		Padcev	pˈædsɛv	pˈædsɛv	pˈadsɛv	right		DailyMed label (Seagen); NCI Dictionary of Cancer Terms (cancer.gov glossary API)
1151	ipilimumab	generic	corrected	high	yes	ipilimumab	ˌɪpˈɪləmjˌuməb	ˌɪpɪlˈɪmjumˌæb	ˌɪpɪlˈɪmjuːmˌab	wrong		MedlinePlus (ASHP); NCI Dictionary of Cancer Terms (cancer.gov; read through its glossary API, which the JS-rendered page draws on)
1152	yervoy	brand	already-correct	high		Yervoy	jˈɜɹvˌY	jˈɜɹvˌY	jˈɜːvˌY	right		DailyMed label (E.R. Squibb & Sons); NCI Dictionary of Cancer Terms (cancer.gov glossary API)
1153	cemiplimab	generic	corrected	medium	yes	cemiplimab	sˌɛmiplˈImˌæb	səmˈɪplɪmˌæb	səmˈɪplɪmˌab	wrong		NCI Dictionary of Cancer Terms (cancer.gov; read through its glossary API, which the JS-rendered page draws on); MedlinePlus (ASHP); NCI Dictionary of Cancer Terms (cancer.gov; read through its glossary API, which the JS-rendered page draws on), -limab neighbours; MedlinePlus (ASHP) and NCI Dictionary of Cancer Terms, -limab neighbour dostarlimab
1154	libtayo	brand	corrected	high	yes	Libtayo	libtˈɑjO	lɪbtˈIO	lɪbtˈIQ	wrong		DailyMed label (Regeneron); NCI Dictionary of Cancer Terms (cancer.gov glossary API)
1155	senokot	brand	already-correct	low		Senokot	sˈɛnəkˌɑt	sˈɛnəkˌɑt	sˈɛnəkˌɒt	right		MedlinePlus (ASHP), generic senna, for the first syllable; spelling
1156	ilumya	brand	corrected	high	yes	Ilumya	ˌɪlˈumjə	ɪlˈumiə	ɪlˈuːmiə	partial		DailyMed label (Sun Pharmaceutical), Medication Guide heading; FDA proprietary name review, BLA 761067, applicant's intended pronunciation
1157	tildrakizumab	generic	corrected	high	yes	tildrakizumab	tˈɪldɹəkˌIzˌumæb	tˌɪldɹəkˈɪzjumˌæb	tˌɪldɹəkˈɪzjuːmˌab	wrong		MedlinePlus (ASHP)
1158	podhaler	device	corrected	high	yes	Podhaler	pˈɑdhələɹ	pˈɑdhˌAləɹ	pˈɒdhˌAlə	partial		DailyMed label (Viatris), TOBI Podhaler Patient Information and Instructions for Use
1159	mucinex	brand	already-correct	low		Mucinex	mjˈusənɛks	mjˈusənɛks	mjˈuːsənɛks	right		spelling; Dictionary.com (mucin)
1160	polatuzumab	generic	already-correct	medium		polatuzumab	pˌɑlətˈuzumˌæb	pˌɑlətˈuzumˌæb	pˌɒlətˈuːzumˌab	right		MedlinePlus (ASHP); NCI Dictionary of Cancer Terms (cancer.gov; read through its glossary API, which the JS-rendered page draws on)
1161	polivy	brand	corrected	high	yes	Polivy	pˈɑlɪvi	pOlˈɪvi	pQlˈɪvi	partial		NCI Dictionary of Cancer Terms (cancer.gov glossary API)
1162	amvuttra	brand	unresolved			Amvuttra	æmvˈʌtɹə					DailyMed label (Alnylam), full label incl. Patient Information; FDA proprietary name memorandum, NDA 215515 (23 Jun 2021); amvuttra.com (home, Taking AMVUTTRA, Guides & Resources, patient brochure PDF, doctor discussion guide PDF)
1163	vutrisiran	generic	corrected	high	yes	vutrisiran	vutɹˈɪʒəɹən	vjˌutɹɪsˈɪɹən	vjˌuːtɹɪsˈɪəɹən	wrong		MedlinePlus (ASHP)
1164	teclistamab	generic	corrected	high	yes	teclistamab	tˈɛklɪstˌæməb	tɛklˈɪstəmˌæb	tɛklˈɪstəmˌab	wrong		NCI Dictionary of Cancer Terms (cancer.gov; read through its glossary API, which the JS-rendered page draws on)
1165	tecvayli	brand	already-correct	high		Tecvayli	tˌɛkvˈAli	tˌɛkvˈAli	tˌɛkvˈAli	right		FDA proprietary name review, BLA 761291 (7 Mar 2022), applicant's submission; NCI Dictionary of Cancer Terms (cancer.gov glossary API); DailyMed label (Janssen), Medication Guide
1166	opdualag	brand	corrected	high	yes	Opdualag	ˈɑpʤuəlˌæɡ	ɑpdˈuəlˌæɡ	ɒpdjˈuːəlˌaɡ	partial		DailyMed label (E.R. Squibb & Sons), patient labeling; NCI Dictionary of Cancer Terms (cancer.gov glossary API)
1167	relatlimab	generic	corrected	high	yes	relatlimab	ɹilˈætlɪmˌæb	ɹəlˈætlɪmˌæb	ɹəlˈatlɪmˌab	partial		MedlinePlus (ASHP); NCI Dictionary of Cancer Terms (cancer.gov; read through its glossary API, which the JS-rendered page draws on)
1168	lumify	brand	already-correct	medium		Lumify	lˈuməfˌI	lˈuməfˌI	lˈuːməfˌI	right		FDA proprietary name review, NDA 208144 (20 Dec 2017), applicant's submission
1169	elahere	brand	corrected	high	yes	Elahere	ˈɛləhˌɪɹ	ˌɛləhˈɪɹ	ˌɛləhˈɪə	partial		DailyMed label (ImmunoGen), patient labeling; FDA proprietary name review, BLA 761310 (7 Jun 2022), applicant's submission; NCI Dictionary of Cancer Terms (cancer.gov glossary API)
1170	mirvetuximab	generic	corrected	high	yes	mirvetuximab	mˈɜɹvətˌʌksɪməb	mˌɪɹvətˈʌksɪmˌæb	mˌɪəvətˈʌksɪmˌab	wrong		MedlinePlus (ASHP); NCI Dictionary of Cancer Terms (cancer.gov; read through its glossary API, which the JS-rendered page draws on)
1171	soravtansine	generic	corrected	high	yes	soravtansine	sɔɹˈævtənsˌin	sˌOɹævtˈænsin	sˌQɹavtˈansiːn	wrong		NCI Dictionary of Cancer Terms (cancer.gov; read through its glossary API, which the JS-rendered page draws on); NCI Dictionary of Cancer Terms (cancer.gov; read through its glossary API, which the JS-rendered page draws on), -tansine family
1172	pepcid	brand	already-correct	high		Pepcid	pˈɛpsɪd	pˈɛpsɪd	pˈɛpsɪd	right		Wiktionary; American Heritage Stedman's Medical Dictionary, via YourDictionary
1173	fluzone	brand	corrected	low		Fluzone	fluzˈOni	flˈuzˌOn	flˈuːzˌQn	partial	low confidence, and today's reading is only partly off	spelling; DailyMed label (Sanofi Pasteur), Fluzone
1174	afrin	brand	already-correct	high		Afrin	ˈæfɹɪn	ˈæfɹɪn	ˈafɹɪn	right		American Heritage Stedman's Medical Dictionary, via YourDictionary
1175	cepacol	brand	corrected	medium	yes	Cepacol	sˈɛpəkˌɑl	sˈipəkˌɑl	sˈiːpəkˌɒl	partial		Cepacol US website (Reckitt), headings and product names; DailyMed label (Cēpacol lozenges, cached)
1176	miralax	brand	already-correct	low		MiraLAX	mˈɪɹəlˌæks	mˈɪɹəlˌæks	mˈɪɹəlˌaks	right		DailyMed label (Bayer), MiraLAX
1177	spikevax	brand	already-correct	high		Spikevax	spˈIkvˌæks	spˈIkvˌæks	spˈIkvˌaks	right		DailyMed label (Moderna), Information for Recipients and Caregivers, revised 8/2026
1178	prevnar	brand	already-correct	low		Prevnar	pɹˈɛvnəɹ	pɹˈɛvnəɹ	pɹˈɛvnə	right		DailyMed label (Wyeth/Pfizer), Prevnar 20
1179	fluad	brand	already-correct	low		Fluad	flˈuəd	flˈuəd	flˈuːəd	right		DailyMed label (Seqirus), Fluad
1180	abreva	brand	unresolved			Abreva	ɑbɹˈAvə					abreva.com (home and FAQ: Abreva basics); DailyMed label (Haleon), Abreva cream
1181	advil	brand	already-correct	high		Advil	ˈædvˌɪl	ˈædvˌɪl	ˈadvˌɪl	right		Dictionary.com (Random House), trademark entry; American Heritage Dictionary; Longman Dictionary of Contemporary English
1182	aleve	brand	already-correct	high		Aleve	əlˈiv	əlˈiv	əlˈiːv	right		American Heritage Stedman's Medical Dictionary, via YourDictionary
1183	alka-seltzer	brand	corrected	medium	yes	Alka-Seltzer	ˈælkəsˌɛltzəɹ	ˈælkəsˌɛltzəɹ	ˌalkəsˈɛltsə	right		American Heritage Stedman's Medical Dictionary, via YourDictionary; Longman Dictionary of Contemporary English
1184	allegra	brand	ordinary-word			Allegra	ɑlˈɛɡɹə					Wiktionary (given name); American Heritage Stedman's Medical Dictionary, via YourDictionary (the brand)
1185	anadin	brand	already-correct	low		Anadin	ˈænədɪn	ˈænədɪn	ˈanədɪn	right		spelling
1186	anbesol	brand	already-correct	high		Anbesol	ˈænbəsˌɑl	ˈænbəsˌɑl	ˈanbəsˌɒl	right		American Heritage Stedman's Medical Dictionary, via YourDictionary
1187	aspercreme	brand	already-correct	low		Aspercreme	ˈæspəɹkɹˌim	ˈæspəɹkɹˌim	ˈaspəkɹˌiːm	right		spelling
1188	bayer	brand	ordinary-word			Bayer	bˈAəɹ					Wiktionary (surname)
1189	beechams	brand	already-correct	low		Beechams	bˈiʧəmz	bˈiʧəmz	bˈiːʧəmz	right		Wiktionary
1190	benadryl	brand	corrected	high	yes	Benadryl	bɪnˈædɹəl	bˈɛnədɹɪl		wrong		Wiktionary; Dictionary.com (Random House; Collins British), trademark entry; American Heritage Stedman's Medical Dictionary, via YourDictionary
1191	bengay	brand	already-correct	low		Bengay	bˈɛŋɡA	bˈɛŋɡA	bˈɛŋɡA	right		Wikipedia (Bengay)
1192	benylin	brand	already-correct	low		Benylin	bˈɛnəlɪn	bˈɛnəlɪn	bˈɛnəlɪn	right		spelling
1193	bonine	brand	corrected	high	yes	Bonine	bOnˈini	bˈOnˌin	bˈQnˌiːn	partial		American Heritage Stedman's Medical Dictionary, via YourDictionary; bonine.com (home and FAQs)
1194	buscopan	brand	already-correct	low		Buscopan	bˈʌskəpˌæn	bˈʌskəpˌæn	bˈʌskəpˌan	right		spelling
1195	calpol	brand	corrected	low		Calpol	kˈælpɔl	kˈælpɔl	kˈalpɒl	right	low confidence, and today's reading is only partly off	spelling
1196	canesten	brand	unresolved			Canesten	kˈænɪstən					canesten.co.uk
1197	chloraseptic	brand	already-correct	low		Chloraseptic	klˌɔɹəsˈɛptɪk	klˌɔɹəsˈɛptɪk	klˌɔːɹəsˈɛptɪk	right		Wiktionary; spelling
1198	citrucel	brand	already-correct	low		Citrucel	sˈɪtɹəsˌɛl	sˈɪtɹəsˌɛl	sˈɪtɹəsˌɛl	right		spelling
1199	claritin	brand	corrected	high	yes	Claritin	klˈɛɹɪtɪn	klˈɛɹɪtɪn	klˈaɹɪtɪn	right		Wiktionary; American Heritage Stedman's Medical Dictionary, via YourDictionary
1200	clarityn	brand	corrected	medium	yes	Clarityn	klˈɛɹɪtɪn	klˈɛɹɪtɪn	klˈaɹɪtɪn	right		Wiktionary (Claritin, the same product's North American spelling)
1201	coricidin	brand	corrected	medium	yes	Coricidin	kˌɔɹəsˈIdən	kˌɔɹəsˈidɪn	kˌɔːɹəsˈiːdɪn	wrong		Dictionary.com, Pop Culture Dictionary entry 'Coricidin' (2018); Wikipedia (Coricidin)
1202	cortizone	brand	already-correct	low		Cortizone	kˈɔɹtəzˌOn	kˈɔɹtəzˌOn	kˈɔːtəzˌQn	right		spelling
1203	day nurse	brand	already-correct	medium		Day Nurse	dˈA nˈɜɹs	dˈA nˈɜɹs	dˈA nˈɜːs	right		spelling
1204	dayquil	brand	already-correct	medium		DayQuil	dˈAkwɪl	dˈAkwɪl	dˈAkwɪl	right		spelling; Longman Dictionary of Contemporary English (the sister brand NyQuil)
1205	debrox	brand	unresolved			Debrox	dˈɛbɹɑks					debrox.com (home and FAQ)
1206	delsym	brand	already-correct	high		Delsym	dˈɛlsɪm	dˈɛlsɪm	dˈɛlsɪm	right		American Heritage Stedman's Medical Dictionary, via YourDictionary
1207	dimetapp	brand	already-correct	low		Dimetapp	dˈImətˌæp	dˈImətˌæp	dˈImətˌap	right		spelling
1208	dioralyte	brand	unresolved			Dioralyte	dˈIəɹəlˌIt	dIˈɔɹəlˌIt	dIˈɒɹəlˌIt	partial		spelling
1209	dramamine	brand	already-correct	high		Dramamine	dɹˈæməmˌin	dɹˈæməmˌin	dɹˈaməmiːn	right		Dictionary.com (Random House; Collins British), trademark entry; American Heritage Dictionary, trademark entry; American Heritage Stedman's Medical Dictionary, via YourDictionary
1210	dulcolax	brand	already-correct	high		Dulcolax	dˈʌlkəlˌæks	dˈʌlkəlˌæks	dˈʌlkəlˌaks	right		American Heritage Stedman's Medical Dictionary, via YourDictionary
1211	emergen-c	brand	corrected	medium	yes	Emergen-C	ˈiməɹʤˌɛnsˌi	ɪmˈɜɹʤənsˌi	ɪmˈɜːʤənsˌiː	wrong		spelling; Dictionary.com (emergency); Wikipedia (Emergen-C)
1212	ex-lax	brand	corrected	high	yes	Ex-Lax	ˌɛkslˈæks	ˈɛkslˌæks	ˈɛkslˌaks	partial		American Heritage Stedman's Medical Dictionary, via YourDictionary
1213	excedrin	brand	already-correct	high		Excedrin	ɛksˈɛdɹən	ɛksˈɛdɹən	ɛksˈɛdɹən	right		American Heritage Stedman's Medical Dictionary, via YourDictionary
1214	flonase	brand	corrected	high	yes	Flonase	flˈɑnəs	flˈOnˌAz	flˈQnˌAz	wrong		FDA label for FLONASE nasal spray (GlaxoSmithKline, Rx), 2019, Patient Information and Instructions for Use; American Heritage Stedman's Medical Dictionary, via YourDictionary
1215	fybogel	brand	corrected	low	yes	Fybogel	fˈIbˌOɡəl	fˈIbOʤˌɛl	fˈIbQʤˌɛl	wrong		spelling
1216	gas-x	brand	already-correct	medium		Gas-X	ɡˈæsˈɛks	ɡˈæsˈɛks	ɡˈasˈɛks	right		spelling
1217	gaviscon	brand	already-correct	low		Gaviscon	ɡˈævəskɑn	ɡˈævəskɑn	ɡˈavəskɒn	right		spelling
1218	germolene	brand	already-correct	low		Germolene	ʤˈɜɹməlˌin	ʤˈɜɹməlˌin	ʤˈɜːməlˌiːn	right		spelling
1219	imodium	brand	already-correct	high		Imodium	ˌɪmˈOdiəm	ˌɪmˈOdiəm	ˌɪmˈQdiəm	right		NCI Dictionary of Cancer Terms (cancer.gov glossary API); American Heritage Stedman's Medical Dictionary, via YourDictionary
1220	kaopectate	brand	corrected	high	yes	Kaopectate	kˌiOpˈɛktAt	kˌAOpˈɛktˌAt	kˌAQpˈɛktˌAt	partial		American Heritage Dictionary, 5th ed.
1221	lamisil	brand	corrected	high	yes	Lamisil	lɑmisˈil	lˈæməsˌɪl	lˈaməsˌɪl	wrong		FDA label for Lamisil tablets (Novartis), 2019, Medication Guide heading; American Heritage Stedman's Medical Dictionary, via YourDictionary; Merriam-Webster Medical (via search result; the page refuses automated fetches)
1222	lemsip	brand	already-correct	high		Lemsip	lˈɛmsɪp	lˈɛmsɪp	lˈɛmsɪp	right		Longman Dictionary of Contemporary English
1223	lotrimin	brand	corrected	low	yes	Lotrimin	lˈɑtɹəmɪn	lˈOtɹɪmɪn	lˈQtɹɪmɪn	wrong		MedlinePlus (ASHP), clotrimazole, the original Lotrimin ingredient; spelling
1224	lyclear	brand	already-correct	low		Lyclear	lˈIklˌɪɹ	lˈIklˌɪɹ	lˈIklˌɪə	right		spelling
1225	maalox	brand	already-correct	high		Maalox	mˈAlɑks	mˈAlɑks	mˈAlɒks	right		American Heritage Stedman's Medical Dictionary, via YourDictionary
1226	metamucil	brand	already-correct	high		Metamucil	mˌɛtəmjˈusəl	mˌɛtəmjˈusəl	mˌɛtəmjˈuːsəl	right		American Heritage Dictionary, 5th ed.
1227	midol	brand	corrected	low	yes	Midol	mˈɪdəl	mˈIdɔl	mˈIdɒl	wrong		spelling
1228	monistat	brand	already-correct	high		Monistat	mˈɑnəstˌæt	mˈɑnəstˌæt	mˈɒnəstˌat	right		American Heritage Stedman's Medical Dictionary, via YourDictionary
1229	motrin	brand	corrected	high	yes	Motrin	mˈɑtɹɪn	mˈOtɹɪn	mˈQtɹɪn	partial		Dictionary.com (Random House); American Heritage Dictionary, 5th ed.; Merriam-Webster Medical (via search result; the page refuses automated fetches); NCI Dictionary of Cancer Terms (cancer.gov glossary API)
1230	movicol	brand	unresolved			Movicol	mˈuvɪkˌɑl	mˈuvɪkˌɑl	mˈuːvɪkˌɒl	right		spelling
1231	mylanta	brand	already-correct	high		Mylanta	mɪlˈæntə	mɪlˈæntə	mɪlˈantə	right		American Heritage Stedman's Medical Dictionary, via YourDictionary
1232	nasacort	brand	corrected	high	yes	Nasacort	nˈæsəkˌɔɹt	nˈAzəkˌɔɹt	nˈAzəkˌɔːt	wrong		FDA label for Nasacort AQ (Sanofi), July 2013, Patient Information heading; American Heritage Stedman's Medical Dictionary, via YourDictionary
1233	neosporin	brand	already-correct	high		Neosporin	nˌiOspˈɔɹɪn	nˌiOspˈɔɹɪn	nˌiːQspˈɔːɹɪn	right		Dictionary.com (Random House)
1234	nicoderm	brand	already-correct	low		NicoDerm	nˈɪkədˌɜɹm	nˈɪkədˌɜɹm	nˈɪkədˌɜːm	right		spelling
1235	nicorette	brand	corrected	high	yes	Nicorette	nˈɪkəɹˌɛt	nˌɪkəɹˈɛt		partial		American Heritage Stedman's Medical Dictionary, via YourDictionary; Wikipedia (Nicorette)
1236	night nurse	brand	already-correct	medium		Night Nurse	nˈIt nˈɜɹs	nˈIt nˈɜɹs	nˈIt nˈɜːs	right		spelling
1237	nurofen	brand	already-correct	high		Nurofen	nˈʊɹOfən	nˈʊɹOfən	njˈʊəɹQfɛn	right		Longman Dictionary of Contemporary English
1238	nyquil	brand	corrected	high	yes	NyQuil	nˈɪkwɪl	nˈIkwɪl		partial		Longman Dictionary of Contemporary English; Vicks (Procter & Gamble), NyQuil creation story
1239	nytol	brand	corrected	high	yes	Nytol	nˈItəl	nˈItˌɔl	nˈItˌɒl	partial		American Heritage Stedman's Medical Dictionary, via YourDictionary
1240	olbas	brand	unresolved			Olbas	ˈOlbəz	ˈɑlbəs	ˈɒlbəs	wrong		Wikipedia (Olbas Oil)
1241	orajel	brand	corrected	low		Orajel	ˈɔɹəʤəl	ˈɔɹəʤˌɛl	ˈɔːɹəʤˌɛl	partial	low confidence, and today's reading is only partly off	spelling
1242	pedialyte	brand	already-correct	low		Pedialyte	pˈidiəlˌIt	pˈidiəlˌIt	pˈiːdiəlˌIt	right		spelling
1243	pepto-bismol	brand	corrected	high	yes	Pepto-Bismol	pˈɛptObˌɪzməl	pˌɛptObˈɪzmɔl	pˌɛptQbˈɪzmɒl	partial		American Heritage Dictionary, 5th ed.; Longman Dictionary of Contemporary English
1244	piriteze	brand	corrected	low	yes	Piriteze	pˌɪɹɪtˈAzi	pˈɪɹɪtˌiz	pˈɪɹɪtˌiːz	wrong		spelling
1245	piriton	brand	already-correct	low		Piriton	pˈɪɹɪtɑn	pˈɪɹɪtɑn	pˈɪɹɪtɒn	right		spelling
1246	plan b	brand	already-correct	medium		Plan B	plˈæn bˈi	plˈæn bˈi	plˈan bˈiː	right		spelling
1247	polysporin	brand	already-correct	low		Polysporin	pˌɑlˌispˈɔɹɪn	pˌɑlˌispˈɔɹɪn	pˌɒlˌiːspˈɔːɹɪn	right		Dictionary.com (Random House), the sister brand Neosporin
1248	primatene	brand	already-correct	high		Primatene	pɹˈImətˌin	pɹˈImətˌin	pɹˈImətˌiːn	right		FDA proprietary name review, NDA 205920 (Armstrong Pharmaceuticals, 22 Aug 2018)
1249	rennie	brand	ordinary-word			Rennie	ɹˈɛni					spelling
1250	rhinocort	brand	already-correct	high		Rhinocort	ɹˈInəkˌɔɹt	ɹˈInəkˌɔɹt	ɹˈInəkˌɔːt	right		DailyMed label, Rhinocort Aqua (AstraZeneca's label, Physicians Total Care relabel), Patient Information
1251	robitussin	brand	corrected	medium	yes	Robitussin	ɹˌɑbɪtˈʌsɪn	ɹˈɑbɪtˌʌsɪn	ɹˈɒbɪtˌʌsɪn	partial		Longman Dictionary of Contemporary English; Wiktionary
1252	rogaine	brand	corrected	high	yes	Rogaine	ɹOɡˈAn	ɹˈOɡˌAn	ɹˈQɡˌAn	partial		Dictionary.com (Random House); American Heritage Dictionary, 5th ed.
1253	rolaids	brand	already-correct	high		Rolaids	ɹˈOlˌAdz	ɹˈOlˌAdz	ɹˈQlˌAdz	right		Longman Dictionary of Contemporary English
1254	salonpas	brand	unresolved			Salonpas	səlˈɑnpəz	səlˈɑnpəs	səlˈɒnpəs	partial		spelling
1255	solpadeine	brand	corrected	low	yes	Solpadeine	sˈOlpədˌIn	sˈɑlpədˌin	sˈɒlpədˌiːn	wrong		MedlinePlus (ASHP), codeine; spelling
1256	sominex	brand	corrected	high	yes	Sominex	sˈʌmɪnɛks	sˈɑmɪnˌɛks	sˈɒmɪnˌɛks	partial		American Heritage Stedman's Medical Dictionary, via YourDictionary
1257	strepsils	brand	already-correct	low		Strepsils	stɹˈɛpsəlz	stɹˈɛpsəlz	stɹˈɛpsəlz	right		spelling
1258	sudafed	brand	already-correct	high		Sudafed	sˈudəfˌɛd	sˈudəfˌɛd	sˈuːdəfˌɛd	right		Dictionary.com (Random House)
1259	sudocrem	brand	already-correct	medium		Sudocrem	sˈudəkɹˌɛm	sˈudəkɹˌɛm	sˈuːdəkɹˌɛm	right		Wikipedia (Sudocrem)
1260	tagamet	brand	corrected	high	yes	Tagamet	tˈæɡəmət	tˈæɡəmˌɛt	tˈaɡəmˌɛt	partial		Dictionary.com (Random House); American Heritage Dictionary, 5th ed.
1261	theraflu	brand	already-correct	low		Theraflu	θˈɛɹəflu	θˈɛɹəflu	θˈɛɹəflu	right		spelling
1262	tinactin	brand	already-correct	high		Tinactin	tInˈæktɪn	tInˈæktɪn	tInˈaktɪn	right		Dictionary.com (Random House)
1263	tums	brand	already-correct	high		Tums	tˈʌmz	tˈʌmz	tˈʌmz	right		American Heritage Dictionary, 5th ed.
1264	tylenol	brand	already-correct	high		Tylenol	tˈIlənɔl	tˈIlənɔl	tˈIlənɒl	right		American Heritage Dictionary, 5th ed.; Dictionary.com (Random House); Longman Dictionary of Contemporary English; Wiktionary
1265	unisom	brand	already-correct	low		Unisom	jˈunəsˌɑm	jˈunəsˌɑm	jˈuːnəsˌɒm	right		CMU Pronouncing Dictionary (as shipped in the app's g2p data); Dictionary.com, unison (analogy for the first two syllables)
1266	vicks	brand	already-correct	medium		Vicks	vˈɪks	vˈɪks	vˈɪks	right		Wikipedia (Vicks); Dictionary.com, Vick (the male given name, a form of Victor; same spelling as the surname); CMU Pronouncing Dictionary
1267	visine	brand	corrected	high	yes	Visine	visˈini	vˌIzˈin	vˌIzˈiːn	wrong		Dictionary.com (Random House), Visine: 'a brand of tetrahydrozoline'; Wikipedia (Visine)
1268	voltaren	brand	already-correct	low		Voltaren	vˈOltəɹən	vˈOltəɹən	vˈQltəɹən	right		pronounce.tv (general pronunciation site; no source cited); CMU Pronouncing Dictionary
1269	xyzal	brand	corrected	medium	yes	Xyzal	zˈIzəl	zˈIzˌɑl	zˈIzˌɒl	partial		Xyzal US site (Chattem/Sanofi), FAQs: 'How do I pronounce Xyzal®?'
1270	zantac	brand	already-correct	high		Zantac	zˈæntæk	zˈæntæk	zˈantak	right		Dictionary.com (Random House), Zantac: 'a brand of ranitidine'; American Heritage Dictionary, Zantac: 'a trademark used for the drug ranitidine'; CMU Pronouncing Dictionary
1271	zyrtec	brand	corrected	medium	yes	Zyrtec	zˈɪɹtˌɛk	zˈɜɹtˌɛk	zˈɜːtˌɛk	partial		Merriam-Webster Medical Dictionary, Zyrtec (trademark for cetirizine hydrochloride), seen in search-result text; the page refuses automated fetches
1272	zzzquil	brand	corrected	low		ZzzQuil	zkwˈɪl	zˈikwɪl	zˈiːkwɪl	partial	low confidence, and today's reading is only partly off	ZzzQuil US site (Procter & Gamble/Vicks), home page and Safety & FAQs page; spelling
